panchayat_id,lgd_code,panchayat_name,block_name,district_name,station_id,date,forecast_issue_date,block_forecast_rainfall_mm,panchayat_latitude,panchayat_longitude,elevation_m,station_distance_km,lead_days,month,day_of_year,actual_rainfall_mm
1001,182597,Ajmer Saundane,Baglan,Nashik,Satana AWS,2026-09-04,2026-09-04,5.0,20.6385,74.1201,585,9.91,0,9,247,2.5
1002,182598,Akhatwade,Baglan,Nashik,Satana AWS,2026-09-04,2026-09-04,5.0,20.6908,74.2045,595,11.22,0,9,247,2.5
1003,182599,Aliyabad,Baglan,Nashik,Satana AWS,2026-09-04,2026-09-04,5.0,20.7734,73.9955,612,29.47,0,9,247,2.5
1004,182600,Ambapur,Baglan,Nashik,Satana AWS,2026-09-04,2026-09-04,5.0,20.7289,74.3392,570,21.17,0,9,247,2.5
1005,182601,Ambasan,Baglan,Nashik,Satana AWS,2026-09-04,2026-09-04,5.0,20.7121,74.3659,565,21.96,0,9,247,2.5
1006,182602,Anandpur,Baglan,Nashik,Satana AWS,2026-09-04,2026-09-04,5.0,20.5891,74.3122,555,11.68,0,9,247,2.5
1007,182603,Antapur,Baglan,Nashik,Satana AWS,2026-09-04,2026-09-04,5.0,20.7812,74.2544,590,22.0,0,9,247,2.5
1008,182604,Arai,Baglan,Nashik,Satana AWS,2026-09-04,2026-09-04,5.0,20.6695,74.1712,610,9.33,0,9,247,2.5
1009,182605,Askheda,Baglan,Nashik,Satana AWS,2026-09-04,2026-09-04,5.0,20.7431,74.3188,575,21.04,0,9,247,2.5
1010,182606,Aundane,Baglan,Nashik,Satana AWS,2026-09-04,2026-09-04,5.0,20.6402,74.1355,605,8.73,0,9,247,2.5
1011,237156,Aundanepada,Baglan,Nashik,Satana AWS,2026-09-04,2026-09-04,5.0,20.6415,74.1388,605,8.57,0,9,247,2.5
1012,182607,Avhati,Baglan,Nashik,Satana AWS,2026-09-04,2026-09-04,5.0,20.6816,74.159,620,11.04,0,9,247,2.5
1013,182608,Babulne,Baglan,Nashik,Satana AWS,2026-09-04,2026-09-04,5.0,20.7092,74.1811,615,13.4,0,9,247,2.5
1014,182609,Bhadane,Baglan,Nashik,Satana AWS,2026-09-04,2026-09-04,5.0,20.8851,74.3621,550,36.89,0,9,247,2.5
1015,182610,Bhakshi,Baglan,Nashik,Satana AWS,2026-09-04,2026-09-04,5.0,20.6391,74.1082,630,11.0,0,9,247,2.5
1016,182612,Bhavanagar,Baglan,Nashik,Satana AWS,2026-09-04,2026-09-04,5.0,20.6522,74.1544,615,8.39,0,9,247,2.5
1017,182611,Bhawade,Baglan,Nashik,Satana AWS,2026-09-04,2026-09-04,5.0,20.7086,74.0048,640,24.22,0,9,247,2.5
1018,182615,Bhildar,Baglan,Nashik,Satana AWS,2026-09-04,2026-09-04,5.0,20.6833,74.1455,625,11.82,0,9,247,2.5
1019,182616,Bhilwad,Baglan,Nashik,Satana AWS,2026-09-04,2026-09-04,5.0,20.6895,74.0541,650,18.79,0,9,247,2.5
1020,182617,Bhimkhet,Baglan,Nashik,Satana AWS,2026-09-04,2026-09-04,5.0,20.7102,73.9855,660,26.01,0,9,247,2.5
1021,182613,Bijorse,Baglan,Nashik,Satana AWS,2026-09-04,2026-09-04,5.0,20.7511,74.1998,600,17.91,0,9,247,2.5
1022,182614,Bijote,Baglan,Nashik,Satana AWS,2026-09-04,2026-09-04,5.0,20.7802,74.0988,635,23.62,0,9,247,2.5
1023,182618,Bodhari,Baglan,Nashik,Satana AWS,2026-09-04,2026-09-04,5.0,20.7921,74.1255,625,23.77,0,9,247,2.5
1024,182620,Bordaivat,Baglan,Nashik,Satana AWS,2026-09-04,2026-09-04,5.0,20.7322,74.2211,595,15.96,0,9,247,2.5
1025,182619,Borhate Digar,Baglan,Nashik,Satana AWS,2026-09-04,2026-09-04,5.0,20.825,74.0244,650,31.88,0,9,247,2.5
1026,182621,Brahamangaon,Baglan,Nashik,Satana AWS,2026-09-03,2026-09-03,2.0,20.6455,74.2811,575,10.46,0,9,246,1.4
1027,182622,Brahamangaon,Baglan,Nashik,Satana AWS,2026-09-03,2026-09-03,2.0,20.6455,74.2811,575,10.46,0,9,246,1.4
1028,182623,Bundhate,Baglan,Nashik,Satana AWS,2026-09-03,2026-09-03,2.0,20.7611,74.2422,590,19.53,0,9,246,1.4
1029,182624,Chaphyachapada,Baglan,Nashik,Satana AWS,2026-09-03,2026-09-03,2.0,20.8122,74.0011,665,32.23,0,9,246,1.4
1030,182626,Chaugaon,Baglan,Nashik,Satana AWS,2026-09-03,2026-09-03,2.0,20.8211,74.2633,580,26.53,0,9,246,1.4
1031,182627,Chaundhane,Baglan,Nashik,Satana AWS,2026-09-03,2026-09-03,2.0,20.7355,74.1122,630,18.58,0,9,246,1.4
1032,182625,Chirai,Baglan,Nashik,Satana AWS,2026-09-03,2026-09-03,2.0,20.8118,74.3519,545,29.29,0,9,246,1.4
1033,182630,Daharane,Baglan,Nashik,Satana AWS,2026-09-03,2026-09-03,2.0,20.6588,74.1844,610,7.82,0,9,246,1.4
1034,182636,Dahindule,Baglan,Nashik,Satana AWS,2026-09-03,2026-09-03,2.0,20.7911,74.1922,605,22.38,0,9,246,1.4
1035,182629,Dangsoundane,Baglan,Nashik,Satana AWS,2026-09-03,2026-09-03,2.0,20.7122,73.9455,670,29.76,0,9,246,1.4
1036,182631,Daregaon,Baglan,Nashik,Satana AWS,2026-09-03,2026-09-03,2.0,20.7011,74.2955,575,15.85,0,9,246,1.4
1037,182632,Daswel,Baglan,Nashik,Satana AWS,2026-09-03,2026-09-03,2.0,20.7588,74.3211,560,22.61,0,9,246,1.4
1038,182633,Deolane,Baglan,Nashik,Satana AWS,2026-09-03,2026-09-03,2.0,20.6311,74.3068,565,12.02,0,9,246,1.4
1039,182634,Devthan Digar,Baglan,Nashik,Satana AWS,2026-09-03,2026-09-03,2.0,20.7411,74.1522,620,17.52,0,9,246,1.4
1040,182635,Dhandri,Baglan,Nashik,Satana AWS,2026-09-03,2026-09-03,2.0,20.7122,74.1411,625,14.91,0,9,246,1.4
1041,276428,Dholbare,Baglan,Nashik,Satana AWS,2026-09-03,2026-09-03,2.0,20.7355,74.0822,645,20.3,0,9,246,1.4
1042,182637,Dongrej,Baglan,Nashik,Satana AWS,2026-09-03,2026-09-03,2.0,20.8422,74.1588,615,28.37,0,9,246,1.4
1043,182628,Dyane,Baglan,Nashik,Satana AWS,2026-09-03,2026-09-03,2.0,20.7541,74.2869,580,20.36,0,9,246,1.4
1044,182638,Ejamane,Baglan,Nashik,Satana AWS,2026-09-03,2026-09-03,2.0,20.7811,74.0122,655,28.87,0,9,246,1.4
1045,182639,Golwad,Baglan,Nashik,Satana AWS,2026-09-03,2026-09-03,2.0,20.8111,73.9916,675,32.78,0,9,246,1.4
1046,182640,Gorane,Baglan,Nashik,Satana AWS,2026-09-03,2026-09-03,2.0,20.6722,74.1351,625,11.36,0,9,246,1.4
1047,182641,Jad,Baglan,Nashik,Satana AWS,2026-09-03,2026-09-03,2.0,20.7917,73.9933,665,31.07,0,9,246,1.4
1048,182644,Jaikheda,Baglan,Nashik,Jaikheda AWS,2026-09-03,2026-09-03,2.0,20.7921,74.2092,595,0.25,0,9,246,1.8
1049,182642,Jakhod,Baglan,Nashik,Satana AWS,2026-09-03,2026-09-03,2.0,20.7811,74.2422,590,21.7,0,9,246,1.4
1050,182643,Jamoti,Baglan,Nashik,Satana AWS,2026-09-03,2026-09-03,2.0,20.8011,74.0322,655,29.25,0,9,246,1.4
1051,182645,Joran,Baglan,Nashik,Satana AWS,2026-09-02,2026-09-02,8.0,20.8351,73.9522,690,37.51,0,9,245,1.4
1052,182646,Junenirpur,Baglan,Nashik,Satana AWS,2026-09-02,2026-09-02,8.0,20.7622,74.3011,570,21.85,0,9,245,1.4
1053,182698,Junishemli,Baglan,Nashik,Satana AWS,2026-09-02,2026-09-02,8.0,20.7255,73.9111,685,33.62,0,9,245,1.4
1054,182647,Kakadgaon,Baglan,Nashik,Satana AWS,2026-09-02,2026-09-02,8.0,20.6388,74.2544,585,7.84,0,9,245,1.4
1055,182650,Kandhane,Baglan,Nashik,Satana AWS,2026-09-02,2026-09-02,8.0,20.6256,74.1066,625,10.5,0,9,245,1.4
1056,182651,Kapaleshwar,Baglan,Nashik,Satana AWS,2026-09-02,2026-09-02,8.0,20.8522,74.0811,640,31.67,0,9,245,1.4
1057,182652,Karanjad,Baglan,Nashik,Satana AWS,2026-09-02,2026-09-02,8.0,20.8411,74.1022,630,29.72,0,9,245,1.4
1058,182653,Karanjkhede,Baglan,Nashik,Satana AWS,2026-09-02,2026-09-02,8.0,20.6088,74.2855,570,9.14,0,9,245,1.4
1059,182654,Karhe,Baglan,Nashik,Satana AWS,2026-09-02,2026-09-02,8.0,20.6511,74.3211,560,14.32,0,9,245,1.4
1060,182655,Katerwel,Baglan,Nashik,Satana AWS,2026-09-02,2026-09-02,8.0,20.7122,74.0622,645,19.75,0,9,245,1.4
1061,182656,Kelzar,Baglan,Nashik,Satana AWS,2026-09-02,2026-09-02,8.0,20.7688,73.9655,680,31.47,0,9,245,1.4
1062,182657,Kersane,Baglan,Nashik,Satana AWS,2026-09-02,2026-09-02,8.0,20.696,74.1032,635,15.5,0,9,245,1.4
1063,182708,Khalche Tembe,Baglan,Nashik,Satana AWS,2026-09-02,2026-09-02,8.0,20.7822,74.3155,565,24.52,0,9,245,1.4
1064,182648,Khamlon,Baglan,Nashik,Satana AWS,2026-09-02,2026-09-02,8.0,20.7322,74.0155,660,24.87,0,9,245,1.4
1065,182649,Khamtane,Baglan,Nashik,Satana AWS,2026-09-02,2026-09-02,8.0,20.6016,74.1624,615,4.12,0,9,245,1.4
1066,182660,Khirmani,Baglan,Nashik,Satana AWS,2026-09-02,2026-09-02,8.0,20.8011,74.0722,645,26.98,0,9,245,1.4
1067,182658,Kikwari Bu.,Baglan,Nashik,Satana AWS,2026-09-02,2026-09-02,8.0,20.6055,74.2311,585,3.67,0,9,245,1.4
1068,182659,Kikwari Kh.,Baglan,Nashik,Satana AWS,2026-09-02,2026-09-02,8.0,20.6122,74.2422,585,5.04,0,9,245,1.4
1069,182663,Kolipada,Baglan,Nashik,Satana AWS,2026-09-02,2026-09-02,8.0,20.7211,73.9211,680,32.47,0,9,245,1.4
1070,182662,Kotbel,Baglan,Nashik,Satana AWS,2026-09-02,2026-09-02,8.0,20.7822,73.9311,690,35.2,0,9,245,1.4
1071,182661,Kupkheda,Baglan,Nashik,Satana AWS,2026-09-02,2026-09-02,8.0,20.6211,74.2155,595,3.82,0,9,245,1.4
1072,182664,Ladud,Baglan,Nashik,Satana AWS,2026-09-02,2026-09-02,8.0,20.7355,74.0522,650,22.32,0,9,245,1.4
1073,182665,Lakhamapur,Baglan,Nashik,Satana AWS,2026-09-02,2026-09-02,8.0,20.6551,74.2322,590,7.98,0,9,245,1.4
1074,182666,Mahad,Baglan,Nashik,Satana AWS,2026-09-02,2026-09-02,8.0,20.6911,74.1122,630,14.49,0,9,245,1.4
1075,182667,Malegaon,Baglan,Nashik,Satana AWS,2026-09-02,2026-09-02,8.0,20.5576,74.5246,520,33.98,0,9,245,1.4
1076,182668,Malegaon,Baglan,Nashik,Satana AWS,2026-09-01,2026-09-01,12.0,20.5576,74.5246,520,33.98,0,9,244,1.3
1077,182669,Malegaon,Baglan,Nashik,Satana AWS,2026-09-01,2026-09-01,12.0,20.5576,74.5246,520,33.98,0,9,244,1.3
1078,182670,Maliwada,Baglan,Nashik,Satana AWS,2026-09-01,2026-09-01,12.0,20.6822,74.1855,610,10.36,0,9,244,1.3
1079,182674,Manjawad,Baglan,Nashik,Satana AWS,2026-09-01,2026-09-01,12.0,20.6522,74.0811,645,14.18,0,9,244,1.3
1080,182671,Manur,Baglan,Nashik,Satana AWS,2026-09-01,2026-09-01,12.0,20.7067,73.8827,710,35.47,0,9,244,1.3
1081,182672,Morane Sahebrao,Baglan,Nashik,Satana AWS,2026-09-01,2026-09-01,12.0,20.6722,74.1522,620,10.41,0,9,244,1.3
1082,182673,Morenagaon,Baglan,Nashik,Satana AWS,2026-09-01,2026-09-01,12.0,20.6655,74.1411,625,10.39,0,9,244,1.3
1083,182678,Morkure,Baglan,Nashik,Satana AWS,2026-09-01,2026-09-01,12.0,20.7411,74.1155,635,18.96,0,9,244,1.3
1084,182675,Mulane,Baglan,Nashik,Satana AWS,2026-09-01,2026-09-01,12.0,20.6322,74.2711,580,8.76,0,9,244,1.3
1085,182676,Mulher,Baglan,Nashik,Mulher Circle AWS,2026-09-01,2026-09-01,12.0,20.7822,74.0634,655,0.43,0,9,244,1.5
1086,182677,Mungase,Baglan,Nashik,Satana AWS,2026-09-01,2026-09-01,12.0,20.6211,74.2255,590,4.36,0,9,244,1.3
1087,182679,Nalkes,Baglan,Nashik,Satana AWS,2026-09-01,2026-09-01,12.0,20.7711,74.0255,665,27.11,0,9,244,1.3
1088,182680,Nampur,Baglan,Nashik,Nampur AWS,2026-09-01,2026-09-01,12.0,20.7295,74.3109,570,0.11,0,9,244,1.2
1089,182681,Nandin,Baglan,Nashik,Satana AWS,2026-09-01,2026-09-01,12.0,20.851,74.2223,595,29.11,0,9,244,1.3
1090,182684,Navegaon,Baglan,Nashik,Satana AWS,2026-09-01,2026-09-01,12.0,20.7011,74.2822,575,15.03,0,9,244,1.3
1091,182682,Navenirpur,Baglan,Nashik,Satana AWS,2026-09-01,2026-09-01,12.0,20.7511,74.2922,575,20.32,0,9,244,1.3
1092,182683,Navishemli,Baglan,Nashik,Satana AWS,2026-09-01,2026-09-01,12.0,20.7188,73.9055,690,33.82,0,9,244,1.3
1093,182685,Nikwel,Baglan,Nashik,Satana AWS,2026-09-01,2026-09-01,12.0,20.8122,74.1811,610,24.79,0,9,244,1.3
1094,182686,Nitane,Baglan,Nashik,Satana AWS,2026-09-01,2026-09-01,12.0,20.7451,74.1811,610,17.36,0,9,244,1.3
1095,182687,Parner,Baglan,Nashik,Satana AWS,2026-09-01,2026-09-01,12.0,20.6911,74.1222,630,13.85,0,9,244,1.3
1096,182688,Pathave Digar,Baglan,Nashik,Satana AWS,2026-09-01,2026-09-01,12.0,20.7455,74.1622,620,17.73,0,9,244,1.3
1097,182692,Phophir,Baglan,Nashik,Satana AWS,2026-09-01,2026-09-01,12.0,20.7611,74.1011,645,21.63,0,9,244,1.3
1098,182691,Pimpaldar,Baglan,Nashik,Satana AWS,2026-09-01,2026-09-01,12.0,20.8022,74.1411,625,24.38,0,9,244,1.3
1099,182689,Pimpalkote,Baglan,Nashik,Satana AWS,2026-09-01,2026-09-01,12.0,20.7322,73.9655,685,29.07,0,9,244,1.3
1100,182690,Pingalwade,Baglan,Nashik,Satana AWS,2026-09-01,2026-09-01,12.0,20.6655,74.2011,605,8.4,0,9,244,1.3
1101,182693,Ramtir,Baglan,Nashik,Satana AWS,2026-04-09,2026-04-09,5.0,20.8122,74.2811,612,26.11,0,4,99,2.5
1102,182694,Ratir,Baglan,Nashik,Satana AWS,2026-04-09,2026-04-09,5.0,20.7922,74.0511,645,27.3,0,4,99,2.5
1103,182695,Sakode,Baglan,Nashik,Satana AWS,2026-04-09,2026-04-09,5.0,20.7011,74.2155,595,12.46,0,4,99,2.5
1104,182696,Salher,Baglan,Nashik,Satana AWS,2026-04-09,2026-04-09,5.0,20.7223,73.9454,710,30.3,0,4,99,2.5
1105,264998,Salvan,Baglan,Nashik,Satana AWS,2026-04-09,2026-04-09,5.0,20.7522,73.9211,705,34.16,0,4,99,2.5
1106,182697,Sarade,Baglan,Nashik,Satana AWS,2026-04-09,2026-04-09,5.0,20.6944,74.3355,560,18.26,0,4,99,2.5
1107,182699,Shevare,Baglan,Nashik,Satana AWS,2026-04-09,2026-04-09,5.0,20.6811,74.1955,605,10.14,0,4,99,2.5
1108,182701,Shripurwade,Baglan,Nashik,Satana AWS,2026-04-09,2026-04-09,5.0,20.6422,74.3411,560,15.79,0,4,99,2.5
1109,182700,Sompur,Baglan,Nashik,Satana AWS,2026-04-09,2026-04-09,5.0,20.6311,74.2922,580,10.63,0,4,99,2.5
1110,182702,Surane,Baglan,Nashik,Satana AWS,2026-04-09,2026-04-09,5.0,20.6425,74.3396,565,15.66,0,4,99,2.5
1111,182703,Taharabad,Baglan,Nashik,Satana AWS,2026-04-09,2026-04-09,5.0,20.784,74.1387,625,22.49,0,4,99,2.5
1112,182704,Talwade Bu.,Baglan,Nashik,Satana AWS,2026-04-09,2026-04-09,5.0,20.3976,74.7497,510,61.12,0,4,99,2.5
1113,182706,Talwade Di.,Baglan,Nashik,Satana AWS,2026-04-09,2026-04-09,5.0,20.3976,74.7497,510,61.12,0,4,99,2.5
1114,182705,Tandulwadi,Baglan,Nashik,Satana AWS,2026-04-09,2026-04-09,5.0,20.7522,74.2544,590,18.9,0,4,99,2.5
1115,182707,Tarsali,Baglan,Nashik,Satana AWS,2026-04-09,2026-04-09,5.0,20.8122,74.2211,605,24.8,0,4,99,2.5
1116,300332,Tatani,Baglan,Nashik,Satana AWS,2026-04-09,2026-04-09,5.0,20.7822,73.8911,745,38.59,0,4,99,2.5
1117,182709,Tembhe (Vare),Baglan,Nashik,Satana AWS,2026-04-09,2026-04-09,5.0,20.7889,74.3302,570,25.93,0,4,99,2.5
1118,182710,Thengode,Baglan,Nashik,Satana AWS,2026-04-09,2026-04-09,5.0,20.6511,74.1922,605,6.84,0,4,99,2.5
1119,182711,Tilwan,Baglan,Nashik,Satana AWS,2026-04-09,2026-04-09,5.0,20.7211,74.2422,590,15.22,0,4,99,2.5
1120,182712,Tungan Digar,Baglan,Nashik,Satana AWS,2026-04-09,2026-04-09,5.0,20.7411,74.1222,630,18.65,0,4,99,2.5
1121,182713,Utrane,Baglan,Nashik,Satana AWS,2026-04-09,2026-04-09,5.0,20.7643,74.2882,585,21.44,0,4,99,2.5
1122,182715,Vattar,Baglan,Nashik,Satana AWS,2026-04-09,2026-04-09,5.0,20.6822,74.2211,600,10.48,0,4,99,2.5
1123,182718,Vinchure,Baglan,Nashik,Satana AWS,2026-04-09,2026-04-09,5.0,20.5911,74.1822,615,1.86,0,4,99,2.5
1124,182719,Virgaon,Baglan,Nashik,Satana AWS,2026-04-09,2026-04-09,5.0,20.6679,74.1424,620,10.53,0,4,99,2.5
1125,182720,Visapur,Baglan,Nashik,Satana AWS,2026-04-09,2026-04-09,5.0,20.6122,74.2655,585,7.25,0,4,99,2.5
1126,182714,Vonoli,Baglan,Nashik,Satana AWS,2026-03-09,2026-03-09,2.0,20.7822,74.1122,635,23.24,0,3,68,1.4
1127,182721,Wadipisol,Baglan,Nashik,Satana AWS,2026-03-09,2026-03-09,2.0,20.7911,74.0855,640,25.34,0,3,68,1.4
1128,182723,Waghale,Baglan,Nashik,Satana AWS,2026-03-09,2026-03-09,2.0,20.6211,74.3011,580,11.08,0,3,68,1.4
1129,182722,Waghambe,Baglan,Nashik,Satana AWS,2026-03-09,2026-03-09,2.0,20.743,73.9635,685,29.91,0,3,68,1.4
1130,182716,Wathode,Baglan,Nashik,Satana AWS,2026-03-09,2026-03-09,2.0,20.6811,74.2522,590,11.49,0,3,68,1.4
1131,182717,Wayagaon,Baglan,Nashik,Satana AWS,2026-03-09,2026-03-09,2.0,20.7111,74.2322,595,13.88,0,3,68,1.4
1132,182724,Yashwantnagar,Baglan,Nashik,Satana AWS,2026-03-09,2026-03-09,2.0,20.7211,74.1811,615,14.71,0,3,68,1.4
1133,182725,Adgon,Chandwad,Nashik,Chandwad AWS,2026-03-09,2026-03-09,3.5,20.3522,74.0155,660,23.54,0,3,68,2.1
1134,182727,Ahirkhede,Chandwad,Nashik,Chandwad AWS,2026-03-09,2026-03-09,3.5,20.4122,74.0511,655,21.71,0,3,68,2.1
1135,182726,Asarkhede,Chandwad,Nashik,Chandwad AWS,2026-03-09,2026-03-09,3.5,20.3811,73.9822,680,27.47,0,3,68,2.1
1136,182728,Bahaduri,Chandwad,Nashik,Chandwad AWS,2026-03-09,2026-03-09,3.5,20.2811,74.1011,640,15.47,0,3,68,2.1
1137,182729,Bhadane,Chandwad,Nashik,Chandwad AWS,2026-03-09,2026-03-09,3.5,20.3211,74.1422,625,10.25,0,3,68,2.1
1138,182730,Bhatgaon,Chandwad,Nashik,Chandwad AWS,2026-03-09,2026-03-09,3.5,20.3122,74.1811,615,6.45,0,3,68,2.1
1139,182731,Bhayale,Chandwad,Nashik,Chandwad AWS,2026-03-09,2026-03-09,3.5,20.3455,74.0622,650,18.62,0,3,68,2.1
1140,182732,Bhoyegaon,Chandwad,Nashik,Chandwad AWS,2026-03-09,2026-03-09,3.5,20.3911,74.1222,635,14.03,0,3,68,2.1
1141,182733,Bhutyane,Chandwad,Nashik,Chandwad AWS,2026-03-09,2026-03-09,3.5,20.3722,73.9511,690,30.48,0,3,68,2.1
1142,182734,Bopane,Chandwad,Nashik,Chandwad AWS,2026-03-09,2026-03-09,3.5,20.3622,74.0811,645,16.95,0,3,68,2.1
1143,182735,Borale,Chandwad,Nashik,Chandwad AWS,2026-03-09,2026-03-09,3.5,20.3922,74.1522,625,11.47,0,3,68,2.1
1144,182737,Chikhalamthan,Chandwad,Nashik,Chandwad AWS,2026-03-09,2026-03-09,3.5,20.2511,74.0522,665,21.46,0,3,68,2.1
1145,182738,Chinchole,Chandwad,Nashik,Chandwad AWS,2026-03-09,2026-03-09,3.5,20.3322,74.1111,635,13.44,0,3,68,2.1
1146,182739,Dahegaon,Chandwad,Nashik,Chandwad AWS,2026-03-09,2026-03-09,3.5,20.3011,74.0922,640,15.74,0,3,68,2.1
1147,182740,Dahivad,Chandwad,Nashik,Chandwad AWS,2026-03-09,2026-03-09,3.5,20.4011,74.2011,620,8.89,0,3,68,2.1
1148,182741,Dahyane,Chandwad,Nashik,Chandwad AWS,2026-03-09,2026-03-09,3.5,20.3273,73.99,685,26.07,0,3,68,2.1
1149,182742,Daregaon,Chandwad,Nashik,Chandwad AWS,2026-03-09,2026-03-09,3.5,20.3511,74.1322,630,11.48,0,3,68,2.1
1150,182743,Devargaon,Chandwad,Nashik,Chandwad AWS,2026-03-09,2026-03-09,3.5,20.2922,74.0411,670,21.16,0,3,68,2.1
1151,182744,Dhodambe,Chandwad,Nashik,Chandwad AWS,2026-02-09,2026-02-09,10.0,20.3316,74.0596,665,18.81,0,2,40,15.0
1152,182745,Dhondgavhan,Chandwad,Nashik,Chandwad AWS,2026-02-09,2026-02-09,10.0,20.4042,74.2251,615,8.4,0,2,40,15.0
1153,182747,Dighwat,Chandwad,Nashik,Chandwad AWS,2026-02-09,2026-02-09,10.0,20.4181,74.3412,595,14.4,0,2,40,15.0
1154,182748,Dongaon,Chandwad,Nashik,Chandwad AWS,2026-02-09,2026-02-09,10.0,20.3582,74.3125,590,8.18,0,2,40,15.0
1155,182749,Dongargaon,Chandwad,Nashik,Chandwad AWS,2026-02-09,2026-02-09,10.0,20.3122,74.2855,605,5.14,0,2,40,15.0
1156,182746,Dudh Kheda,Chandwad,Nashik,Chandwad AWS,2026-02-09,2026-02-09,10.0,20.3411,74.1522,630,9.24,0,2,40,15.0
1157,182750,Dugaon,Chandwad,Nashik,Chandwad AWS,2026-02-09,2026-02-09,10.0,20.2815,74.1855,625,7.83,0,2,40,15.0
1158,182751,Gangave,Chandwad,Nashik,Chandwad AWS,2026-02-09,2026-02-09,10.0,20.2911,74.2211,615,4.75,0,2,40,15.0
1159,182752,Ganur,Chandwad,Nashik,Chandwad AWS,2026-02-09,2026-02-09,10.0,20.3222,74.2011,615,4.15,0,2,40,15.0
1160,182753,Goharan,Chandwad,Nashik,Chandwad AWS,2026-02-09,2026-02-09,10.0,20.3011,74.1422,635,10.69,0,2,40,15.0
1161,182754,Harnul,Chandwad,Nashik,Chandwad AWS,2026-02-09,2026-02-09,10.0,20.3422,74.2911,605,5.5,0,2,40,15.0
1162,182755,Hatti,Chandwad,Nashik,Chandwad AWS,2026-02-09,2026-02-09,10.0,20.3522,74.2155,625,3.55,0,2,40,15.0
1163,182756,Hirapur,Chandwad,Nashik,Chandwad AWS,2026-02-09,2026-02-09,10.0,20.2192,74.1977,675,13.09,0,2,40,15.0
1164,182757,Hiwarkhed,Chandwad,Nashik,Chandwad AWS,2026-02-09,2026-02-09,10.0,20.3811,74.3222,590,10.28,0,2,40,15.0
1165,182758,Jopul,Chandwad,Nashik,Chandwad AWS,2026-02-09,2026-02-09,10.0,20.1994,73.9064,715,37.71,0,2,40,15.0
1166,182759,Kaji Sangvi,Chandwad,Nashik,Chandwad AWS,2026-02-09,2026-02-09,10.0,20.3322,74.1811,625,6.15,0,2,40,15.0
1167,182760,Kalamdare,Chandwad,Nashik,Chandwad AWS,2026-02-09,2026-02-09,10.0,20.3111,74.0522,670,19.7,0,2,40,15.0
1168,182761,Kalkhode,Chandwad,Nashik,Chandwad AWS,2026-02-09,2026-02-09,10.0,20.2522,74.0811,660,18.69,0,2,40,15.0
1169,182762,Kanadgaon,Chandwad,Nashik,Chandwad AWS,2026-02-09,2026-02-09,10.0,20.3922,74.2422,620,6.92,0,2,40,15.0
1170,182763,Kanmanda,Chandwad,Nashik,Chandwad AWS,2026-02-09,2026-02-09,10.0,20.4011,74.3122,600,10.92,0,2,40,15.0
1171,182764,Katarwadi,Chandwad,Nashik,Chandwad AWS,2026-02-09,2026-02-09,10.0,20.3622,74.2611,615,4.2,0,2,40,15.0
1172,182765,Khadak Jam,Chandwad,Nashik,Chandwad AWS,2026-02-09,2026-02-09,10.0,20.3411,74.1122,650,13.38,0,2,40,15.0
1173,182766,Khadakoze,Chandwad,Nashik,Chandwad AWS,2026-02-09,2026-02-09,10.0,20.3555,74.2011,625,4.95,0,2,40,15.0
1174,182767,Kheldari,Chandwad,Nashik,Chandwad AWS,2026-02-09,2026-02-09,10.0,20.4011,74.3311,605,12.36,0,2,40,15.0
1175,182768,Kokankheda,Chandwad,Nashik,Chandwad AWS,2026-02-09,2026-02-09,10.0,20.3016,74.3374,605,10.64,0,2,40,15.0
1176,182769,Kundalgaon,Chandwad,Nashik,Chandwad AWS,2026-01-09,2026-01-09,6.0,20.3122,74.3522,605,11.87,0,1,9,7.5
1177,182770,Malsane,Chandwad,Nashik,Chandwad AWS,2026-01-09,2026-01-09,6.0,20.3222,74.1911,630,5.17,0,1,9,7.5
1178,182771,Mangrul,Chandwad,Nashik,Chandwad AWS,2026-01-09,2026-01-09,6.0,20.3111,74.1222,645,12.46,0,1,9,7.5
1179,182772,Mesankhede,Chandwad,Nashik,Chandwad AWS,2026-01-09,2026-01-09,6.0,20.3588,74.2822,610,5.44,0,1,9,7.5
1180,182773,Nandurtek,Chandwad,Nashik,Chandwad AWS,2026-01-09,2026-01-09,6.0,20.3622,74.1011,655,14.92,0,1,9,7.5
1181,182774,Nanhave,Chandwad,Nashik,Chandwad AWS,2026-01-09,2026-01-09,6.0,20.3011,74.0511,680,19.96,0,1,9,7.5
1182,182775,Narayangaon,Chandwad,Nashik,Chandwad AWS,2026-01-09,2026-01-09,6.0,20.3711,74.1522,640,10.23,0,1,9,7.5
1183,182776,Nimbale,Chandwad,Nashik,Chandwad AWS,2026-01-09,2026-01-09,6.0,20.3511,74.1111,655,13.64,0,1,9,7.5
1184,182777,Nimgavhan,Chandwad,Nashik,Chandwad AWS,2026-01-09,2026-01-09,6.0,20.3211,74.1611,640,8.29,0,1,9,7.5
1185,182778,Nimon,Chandwad,Nashik,Chandwad AWS,2026-01-09,2026-01-09,6.0,20.2822,74.1422,650,11.5,0,1,9,7.5
1186,182779,Panhale,Chandwad,Nashik,Chandwad AWS,2026-01-09,2026-01-09,6.0,20.3922,74.2211,625,7.19,0,1,9,7.5
1187,182780,Paregaon,Chandwad,Nashik,Chandwad AWS,2026-01-09,2026-01-09,6.0,20.3379,73.9679,710,28.38,0,1,9,7.5
1188,182781,Parsul,Chandwad,Nashik,Chandwad AWS,2026-01-09,2026-01-09,6.0,20.265,74.1845,655,9.26,0,1,9,7.5
1189,182782,Pate,Chandwad,Nashik,Chandwad AWS,2026-01-09,2026-01-09,6.0,20.3211,74.2011,625,4.18,0,1,9,7.5
1190,182783,Patharshep,Chandwad,Nashik,Chandwad AWS,2026-01-09,2026-01-09,6.0,20.3455,74.1811,635,6.38,0,1,9,7.5
1191,182785,Pimpalnar,Chandwad,Nashik,Chandwad AWS,2026-01-09,2026-01-09,6.0,20.3688,74.2311,620,4.41,0,1,9,7.5
1192,182784,Pimplad,Chandwad,Nashik,Chandwad AWS,2026-01-09,2026-01-09,6.0,20.3811,74.0522,675,20.39,0,1,9,7.5
1193,182786,Puri,Chandwad,Nashik,Chandwad AWS,2026-01-09,2026-01-09,6.0,20.3122,74.1111,650,13.59,0,1,9,7.5
1194,182787,Rahud,Chandwad,Nashik,Chandwad AWS,2026-01-09,2026-01-09,6.0,20.4011,74.1522,645,12.09,0,1,9,7.5
1195,182789,Rajderwadi,Chandwad,Nashik,Chandwad AWS,2026-01-09,2026-01-09,6.0,20.4222,74.3111,610,12.65,0,1,9,7.5
1196,182788,Raypur,Chandwad,Nashik,Chandwad AWS,2026-01-09,2026-01-09,6.0,20.3588,74.2811,610,5.35,0,1,9,7.5
1197,182790,Redgaon Kh.,Chandwad,Nashik,Chandwad AWS,2026-01-09,2026-01-09,6.0,20.3011,74.1222,650,12.7,0,1,9,7.5
1198,182791,Salsane,Chandwad,Nashik,Chandwad AWS,2026-01-09,2026-01-09,6.0,20.3411,74.0511,680,19.73,0,1,9,7.5
1199,182792,Shelu,Chandwad,Nashik,Chandwad AWS,2026-01-09,2026-01-09,6.0,20.22,74.1682,690,14.34,0,1,9,7.5
1200,182793,Shinde,Chandwad,Nashik,Chandwad AWS,2026-01-09,2026-01-09,6.0,20.3013,74.3383,605,10.74,0,1,9,7.5
1201,182794,Shingave,Chandwad,Nashik,Chandwad AWS,2026-09-04,2026-09-04,40.0,20.0338,74.0404,615,38.97,0,9,247,45.2
1202,182795,Shirsane,Chandwad,Nashik,Chandwad AWS,2026-09-04,2026-09-04,40.0,20.3111,74.1522,625,9.39,0,9,247,45.2
1203,182796,Shirur,Chandwad,Nashik,Chandwad AWS,2026-09-04,2026-09-04,40.0,20.3411,74.1111,640,13.5,0,9,247,45.2
1204,182797,Shivare,Chandwad,Nashik,Chandwad AWS,2026-09-04,2026-09-04,40.0,20.0597,74.1457,610,31.63,0,9,247,45.2
1205,182798,Sogras,Chandwad,Nashik,Chandwad AWS,2026-09-04,2026-09-04,40.0,20.3211,74.1011,655,14.52,0,9,247,45.2
1206,182799,Sonisangvi,Chandwad,Nashik,Chandwad AWS,2026-09-04,2026-09-04,40.0,20.3111,74.0522,670,19.7,0,9,247,45.2
1207,182800,Sutarkheda,Chandwad,Nashik,Chandwad AWS,2026-09-04,2026-09-04,40.0,20.3522,74.2611,620,3.31,0,9,247,45.2
1208,182801,Talegoan Rohi,Chandwad,Nashik,Chandwad AWS,2026-09-04,2026-09-04,40.0,20.3322,74.2422,618,0.34,0,9,247,45.2
1209,182802,Talwade,Chandwad,Nashik,Chandwad AWS,2026-09-04,2026-09-04,40.0,20.3922,74.1811,635,9.25,0,9,247,45.2
1210,182803,Tisgaon,Chandwad,Nashik,Chandwad AWS,2026-09-04,2026-09-04,40.0,20.3111,74.1522,645,9.39,0,9,247,45.2
1211,182804,Urdhul,Chandwad,Nashik,Chandwad AWS,2026-09-04,2026-09-04,40.0,20.3211,74.1111,655,13.48,0,9,247,45.2
1212,182805,Uswad,Chandwad,Nashik,Chandwad AWS,2026-09-04,2026-09-04,40.0,20.3368,74.3197,595,8.34,0,9,247,45.2
1213,182807,Vadalibhoi,Chandwad,Nashik,Chandwad AWS,2026-09-04,2026-09-04,40.0,20.2841,74.1072,650,14.76,0,9,247,45.2
1214,182808,Vadbare,Chandwad,Nashik,Chandwad AWS,2026-09-04,2026-09-04,40.0,20.3011,74.1422,645,10.69,0,9,247,45.2
1215,182809,Vadgaonpada,Chandwad,Nashik,Chandwad AWS,2026-09-04,2026-09-04,40.0,20.3555,74.2011,625,4.95,0,9,247,45.2
1216,182810,Vadner Bhairav,Chandwad,Nashik,Chandwad AWS,2026-09-04,2026-09-04,40.0,20.2522,74.0811,655,18.69,0,9,247,45.2
1217,182813,Vitave,Chandwad,Nashik,Chandwad AWS,2026-09-04,2026-09-04,40.0,20.3922,74.2422,620,6.92,0,9,247,45.2
1218,182806,Wad,Chandwad,Nashik,Chandwad AWS,2026-09-04,2026-09-04,40.0,20.3411,74.1122,650,13.38,0,9,247,45.2
1219,182814,Waghdard,Chandwad,Nashik,Chandwad AWS,2026-09-04,2026-09-04,40.0,20.3555,74.2011,625,4.95,0,9,247,45.2
1220,237157,Wahegaon,Chandwad,Nashik,Chandwad AWS,2026-09-04,2026-09-04,40.0,20.3122,74.1522,640,9.37,0,9,247,45.2
1221,182811,Waki Bk.,Chandwad,Nashik,Chandwad AWS,2026-09-04,2026-09-04,40.0,20.3211,74.1111,650,13.48,0,9,247,45.2
1222,182812,Waki Kd.,Chandwad,Nashik,Chandwad AWS,2026-09-04,2026-09-04,40.0,20.3322,74.1222,645,12.29,0,9,247,45.2
1223,182815,Bhaur,Deola,Nashik,Deola ARG,2026-09-04,2026-09-04,35.0,20.4522,74.2155,630,4.19,0,9,247,38.5
1224,182816,Chinchave,Deola,Nashik,Deola ARG,2026-09-04,2026-09-04,35.0,20.7929,74.4644,580,46.53,0,9,247,38.5
1225,182817,Dahiwad,Deola,Nashik,Deola ARG,2026-09-04,2026-09-04,35.0,20.4311,74.3,615,13.23,0,9,247,38.5
1226,294589,Deopurpa,Deola,Nashik,Deola ARG,2026-09-03,2026-09-03,5.0,20.4811,74.2422,620,6.6,0,9,246,2.1
1227,182819,Dongargaon,Deola,Nashik,Deola ARG,2026-09-03,2026-09-03,5.0,20.4611,74.1122,655,7.13,0,9,246,2.1
1228,182820,Fule Malwadi,Deola,Nashik,Deola ARG,2026-09-03,2026-09-03,5.0,20.4722,74.2011,625,2.21,0,9,246,2.1
1229,182821,Fulenagar,Deola,Nashik,Deola ARG,2026-09-03,2026-09-03,5.0,20.4522,74.0811,665,10.49,0,9,246,2.1
1230,182822,Girnare,Deola,Nashik,Deola ARG,2026-09-03,2026-09-03,5.0,20.4911,74.1522,645,3.73,0,9,246,2.1
1231,182823,Gunjalnagar,Deola,Nashik,Deola ARG,2026-09-03,2026-09-03,5.0,20.4811,74.2211,625,4.46,0,9,246,2.1
1232,182824,Kankapur,Deola,Nashik,Deola ARG,2026-09-03,2026-09-03,5.0,20.4411,74.1811,640,3.22,0,9,246,2.1
1233,182825,Kapashi,Deola,Nashik,Deola ARG,2026-09-03,2026-09-03,5.0,20.4611,74.2911,605,11.62,0,9,246,2.1
1234,182826,Khadaktale,Deola,Nashik,Deola ARG,2026-09-03,2026-09-03,5.0,20.4711,74.1222,655,6.02,0,9,246,2.1
1235,182827,Khalap,Deola,Nashik,Deola ARG,2026-09-03,2026-09-03,5.0,20.4222,74.3311,610,16.62,0,9,246,2.1
1236,182828,Khamkheda,Deola,Nashik,Deola ARG,2026-09-03,2026-09-03,5.0,20.4911,74.3522,595,18.09,0,9,246,2.1
1237,182829,Kharde (W),Deola,Nashik,Deola ARG,2026-09-03,2026-09-03,5.0,20.4811,74.2811,615,10.6,0,9,246,2.1
1238,182830,Khuntewadi,Deola,Nashik,Deola ARG,2026-09-03,2026-09-03,5.0,20.4555,74.1122,655,7.24,0,9,246,2.1
1239,182831,Kumbharde,Deola,Nashik,Deola ARG,2026-09-03,2026-09-03,5.0,20.4411,74.0511,670,13.81,0,9,246,2.1
1240,182832,Lohoner,Deola,Nashik,Deola ARG,2026-09-03,2026-09-03,5.0,20.514,74.1982,630,5.25,0,9,246,2.1
1241,182833,Mahalpatre,Deola,Nashik,Deola ARG,2026-09-03,2026-09-03,5.0,20.5011,74.1422,650,5.24,0,9,246,2.1
1242,182835,Malwadi,Deola,Nashik,Deola ARG,2026-09-03,2026-09-03,5.0,20.4711,74.1522,645,2.9,0,9,246,2.1
1243,182836,Matane,Deola,Nashik,Deola ARG,2026-09-03,2026-09-03,5.0,20.4611,74.1111,660,7.25,0,9,246,2.1
1244,182837,Meshi,Deola,Nashik,Deola ARG,2026-09-02,2026-09-02,8.0,20.4726,74.2989,605,12.39,0,9,245,1.4
1245,182834,M.Fulenagar,Deola,Nashik,Deola ARG,2026-09-02,2026-09-02,8.0,20.4811,74.2011,630,2.52,0,9,245,1.4
1246,182838,Nimbola,Deola,Nashik,Deola ARG,2026-09-02,2026-09-02,8.0,20.4911,74.1811,640,2.35,0,9,245,1.4
1247,182839,Pimpalgaon,Deola,Nashik,Deola ARG,2026-09-02,2026-09-02,8.0,20.4822,74.1511,650,3.3,0,9,245,1.4
1248,182840,Rameshwar,Deola,Nashik,Deola ARG,2026-09-02,2026-09-02,8.0,20.4711,74.3122,605,13.77,0,9,245,1.4
1249,182841,Sangavi,Deola,Nashik,Deola ARG,2026-09-02,2026-09-02,8.0,20.4611,74.2811,610,10.58,0,9,245,1.4
1250,182842,Satwaiwadi,Deola,Nashik,Deola ARG,2026-09-02,2026-09-02,8.0,20.4511,74.1111,665,7.48,0,9,245,1.4
1251,182843,Savki (Lo),Deola,Nashik,Deola ARG,2026-09-02,2026-09-02,8.0,20.5111,74.1922,635,4.74,0,9,245,1.4
1252,182844,Sheri (Lo),Deola,Nashik,Deola ARG,2026-09-02,2026-09-02,8.0,20.5211,74.2011,630,6.09,0,9,245,1.4
1253,182845,Shrirampur,Deola,Nashik,Deola ARG,2026-09-02,2026-09-02,8.0,20.4811,74.2122,628,3.57,0,9,245,1.4
1254,182846,Subhashnagar,Deola,Nashik,Deola ARG,2026-09-02,2026-09-02,8.0,20.4711,74.2422,622,6.48,0,9,245,1.4
1255,182847,Tisgaon,Deola,Nashik,Deola ARG,2026-09-02,2026-09-02,8.0,20.4911,74.3111,605,13.86,0,9,245,1.4
1256,182848,Umarane,Deola,Nashik,Deola ARG,2026-09-02,2026-09-02,8.0,20.4588,74.3411,600,16.83,0,9,245,1.4
1257,182849,Varhale,Deola,Nashik,Deola ARG,2026-09-02,2026-09-02,8.0,20.5011,74.2811,610,11.08,0,9,245,1.4
1258,182850,Varwandi,Deola,Nashik,Deola ARG,2026-09-02,2026-09-02,8.0,20.4711,74.1422,655,3.94,0,9,245,1.4
1259,182851,Vasol,Deola,Nashik,Deola ARG,2026-09-02,2026-09-02,8.0,20.4411,74.3311,605,16.07,0,9,245,1.4
1260,182852,Vijaynager,Deola,Nashik,Deola ARG,2026-09-02,2026-09-02,8.0,20.4611,74.2011,632,2.41,0,9,245,1.4
1261,182853,Vithewadi,Deola,Nashik,Deola ARG,2026-09-02,2026-09-02,8.0,20.4522,74.1811,638,1.98,0,9,245,1.4
1262,182854,Wajgaon ('L),Deola,Nashik,Deola ARG,2026-09-02,2026-09-02,8.0,20.5111,74.1911,635,4.71,0,9,245,1.4
1263,182855,Wakhari,Deola,Nashik,Deola ARG,2026-09-02,2026-09-02,8.0,20.4711,74.1111,660,7.18,0,9,245,1.4
1264,182856,Warshi,Deola,Nashik,Deola ARG,2026-09-02,2026-09-02,8.0,20.4911,74.1222,655,6.46,0,9,245,1.4
1265,182857,Ahiwantwadi,Dindori,Nashik,Dindori AWS,2026-09-02,2026-09-02,12.0,20.2311,73.8522,645,3.3,0,9,245,1.5
1266,182858,Akrale,Dindori,Nashik,Dindori AWS,2026-09-02,2026-09-02,12.0,20.1522,73.8211,634,6.49,0,9,245,1.5
1267,182859,Ambad,Dindori,Nashik,Dindori AWS,2026-09-02,2026-09-02,12.0,20.1811,73.8122,640,3.71,0,9,245,1.5
1268,182860,Ambaner,Dindori,Nashik,Dindori AWS,2026-09-02,2026-09-02,12.0,20.2111,73.8822,630,5.45,0,9,245,1.5
1269,182861,Ambedindori,Dindori,Nashik,Dindori AWS,2026-09-02,2026-09-02,12.0,20.2011,73.9122,625,8.63,0,9,245,1.5
1270,182862,Ambegani,Dindori,Nashik,Dindori AWS,2026-09-02,2026-09-02,12.0,20.1822,73.8411,638,3.3,0,9,245,1.5
1271,182863,Ambewani,Dindori,Nashik,Dindori AWS,2026-09-02,2026-09-02,12.0,20.1711,73.8011,645,5.27,0,9,245,1.5
1272,182864,Ashewadi,Dindori,Nashik,Dindori AWS,2026-09-02,2026-09-02,12.0,20.1311,73.8222,650,8.81,0,9,245,1.5
1273,182865,Awankhed,Dindori,Nashik,Dindori AWS,2026-09-02,2026-09-02,12.0,20.2522,73.8111,640,5.09,0,9,245,1.5
1274,182866,Badgichap,Dindori,Nashik,Dindori AWS,2026-09-02,2026-09-02,12.0,20.2811,73.8411,645,7.99,0,9,245,1.5
1275,182867,Bhanwad,Dindori,Nashik,Dindori AWS,2026-09-02,2026-09-02,12.0,20.2422,73.8811,635,6.42,0,9,245,1.5
1276,182868,Bhatode,Dindori,Nashik,Dindori AWS,2026-09-01,2026-09-01,15.0,20.1911,73.8522,642,3.13,0,9,244,1.3
1277,182869,Bopegaon,Dindori,Nashik,Dindori AWS,2026-09-01,2026-09-01,15.0,20.1611,73.8911,630,8.38,0,9,244,1.3
1278,182870,Chachadgaon,Dindori,Nashik,Dindori AWS,2026-09-01,2026-09-01,15.0,20.2111,73.8011,655,3.02,0,9,244,1.3
1279,182871,Chandikapur,Dindori,Nashik,Dindori AWS,2026-09-01,2026-09-01,15.0,20.2322,73.8411,648,2.73,0,9,244,1.3
1280,182874,Charose,Dindori,Nashik,Dindori AWS,2026-09-01,2026-09-01,15.0,20.2211,73.8222,645,1.48,0,9,244,1.3
1281,182873,Chausale,Dindori,Nashik,Dindori AWS,2026-09-01,2026-09-01,15.0,20.4117,73.7866,665,22.88,0,9,244,1.3
1282,182872,Chinchakhed,Dindori,Nashik,Dindori AWS,2026-09-01,2026-09-01,15.0,20.1511,73.9111,625,10.7,0,9,244,1.3
1283,182875,Dahegaon,Dindori,Nashik,Dindori AWS,2026-09-01,2026-09-01,15.0,20.1811,73.8511,645,3.9,0,9,244,1.3
1284,182876,Dahivi,Dindori,Nashik,Dindori AWS,2026-09-01,2026-09-01,15.0,20.3302,73.8873,640,14.64,0,9,244,1.3
1285,182877,Dehare,Dindori,Nashik,Dindori AWS,2026-09-01,2026-09-01,15.0,20.2411,73.8911,635,7.25,0,9,244,1.3
1286,182878,Deoghar,Dindori,Nashik,Dindori AWS,2026-09-01,2026-09-01,15.0,20.2111,73.8211,645,0.94,0,9,244,1.3
1287,182879,Deopada,Dindori,Nashik,Dindori AWS,2026-09-01,2026-09-01,15.0,20.2022,73.8111,648,2.15,0,9,244,1.3
1288,182880,Deopur,Dindori,Nashik,Dindori AWS,2026-09-01,2026-09-01,15.0,20.1822,73.8822,635,6.26,0,9,244,1.3
1289,182881,Deosane,Dindori,Nashik,Dindori AWS,2026-09-01,2026-09-01,15.0,20.1911,73.8311,640,2.1,0,9,244,1.3
1290,182882,Deothan,Dindori,Nashik,Dindori AWS,2026-09-01,2026-09-01,15.0,20.2211,73.8511,640,2.52,0,9,244,1.3
1291,182883,Dhagur,Dindori,Nashik,Dindori AWS,2026-09-01,2026-09-01,15.0,20.1311,73.8011,665,9.28,0,9,244,1.3
1292,182884,Dhakambe,Dindori,Nashik,Dindori AWS,2026-09-01,2026-09-01,15.0,20.1211,73.8211,660,9.93,0,9,244,1.3
1293,182885,Dhaur,Dindori,Nashik,Dindori AWS,2026-09-01,2026-09-01,15.0,20.2411,73.8511,645,4.1,0,9,244,1.3
1294,274333,Dhondalpara,Dindori,Nashik,Dindori AWS,2026-09-01,2026-09-01,15.0,20.2511,73.8811,635,7.02,0,9,244,1.3
1295,182889,Gandole,Dindori,Nashik,Dindori AWS,2026-09-01,2026-09-01,15.0,20.3805,73.5922,720,31.22,0,9,244,1.3
1296,182890,Gawalwadi,Dindori,Nashik,Ozar ARG,2026-09-01,2026-09-01,15.0,20.0924,73.7518,680,16.52,0,9,244,1.3
1297,182891,Golshi,Dindori,Nashik,Dindori AWS,2026-09-01,2026-09-01,15.0,20.2111,73.8111,655,1.98,0,9,244,1.3
1298,182892,Gondegon,Dindori,Nashik,Dindori AWS,2026-09-01,2026-09-01,15.0,20.1811,73.9111,620,9.05,0,9,244,1.3
1299,182893,Hastedum,Dindori,Nashik,Dindori AWS,2026-09-01,2026-09-01,15.0,20.1922,73.8511,645,2.96,0,9,244,1.3
1300,182894,Hatnore,Dindori,Nashik,Dindori AWS,2026-09-01,2026-09-01,15.0,20.2311,73.8811,635,5.83,0,9,244,1.3
1301,182991,Bharvir Kh.,Igatpuri,Nashik,Igatpuri AWS,2026-04-09,2026-04-09,20.0,19.7422,73.7411,625,19.18,0,4,99,28.5
1302,182992,Bhavali Bk,Igatpuri,Nashik,Igatpuri AWS,2026-04-09,2026-04-09,20.0,19.6522,73.5111,680,7.52,0,4,99,28.5
1303,182993,Bhavali Kh,Igatpuri,Nashik,Igatpuri AWS,2026-04-09,2026-04-09,20.0,19.6488,73.5222,695,7.01,0,4,99,28.5
1304,182994,Borli,Igatpuri,Nashik,Igatpuri AWS,2026-04-09,2026-04-09,20.0,19.6431,73.5718,660,6.16,0,4,99,28.5
1305,182995,Bortembha,Igatpuri,Nashik,Igatpuri AWS,2026-04-09,2026-04-09,20.0,19.6322,73.5411,710,7.7,0,4,99,28.5
1306,182996,Chinchalekhaire,Igatpuri,Nashik,Igatpuri AWS,2026-04-09,2026-04-09,20.0,19.7111,73.4811,655,8.8,0,4,99,28.5
1307,182997,Daundat,Igatpuri,Nashik,Igatpuri AWS,2026-04-09,2026-04-09,20.0,19.7811,73.6522,615,13.06,0,4,99,28.5
1308,182998,Deole,Igatpuri,Nashik,Igatpuri AWS,2026-04-09,2026-04-09,20.0,19.7211,73.6011,630,4.66,0,4,99,28.5
1309,182999,Dhamangaon,Igatpuri,Nashik,Igatpuri AWS,2026-04-09,2026-04-09,20.0,19.7611,73.7111,620,16.92,0,4,99,28.5
1310,183000,Dhamani,Igatpuri,Nashik,Igatpuri AWS,2026-04-09,2026-04-09,20.0,19.6811,73.5822,665,2.68,0,4,99,28.5
1311,183002,Dhanorli,Igatpuri,Nashik,Igatpuri AWS,2026-04-09,2026-04-09,20.0,19.7011,73.6511,618,9.12,0,4,99,28.5
1312,183001,Dhargaon,Igatpuri,Nashik,Igatpuri AWS,2026-04-09,2026-04-09,20.0,19.7122,73.6222,622,6.29,0,4,99,28.5
1313,183003,Fangulgavhan,Igatpuri,Nashik,Igatpuri AWS,2026-04-09,2026-04-09,20.0,19.7522,73.5511,610,6.18,0,4,99,28.5
1314,183004,Garudeshwar,Igatpuri,Nashik,Igatpuri AWS,2026-04-09,2026-04-09,20.0,19.7222,73.6122,630,5.72,0,4,99,28.5
1315,183005,Ghoti Bk,Igatpuri,Nashik,Igatpuri AWS,2026-04-09,2026-04-09,20.0,19.7167,73.6244,615,6.66,0,4,99,28.5
1316,183006,Ghoti Kh,Igatpuri,Nashik,Igatpuri AWS,2026-04-09,2026-04-09,20.0,19.7167,73.6244,615,6.66,0,4,99,28.5
1317,183007,Gondedumala,Igatpuri,Nashik,Igatpuri AWS,2026-04-09,2026-04-09,20.0,19.8275,73.6814,605,18.93,0,4,99,28.5
1318,183008,Indore,Igatpuri,Nashik,Igatpuri AWS,2026-04-09,2026-04-09,20.0,19.6342,73.7072,640,16.59,0,4,99,28.5
1319,183009,Janori,Igatpuri,Nashik,Igatpuri AWS,2026-04-09,2026-04-09,20.0,19.8054,73.6973,612,18.36,0,4,99,28.5
1320,183010,Kaluste,Igatpuri,Nashik,Igatpuri AWS,2026-04-09,2026-04-09,20.0,19.6621,73.6392,645,8.83,0,4,99,28.5
1321,183011,Kanchangaon,Igatpuri,Nashik,Igatpuri AWS,2026-04-09,2026-04-09,20.0,19.6911,73.5111,670,5.59,0,4,99,28.5
1322,183012,Karhole,Igatpuri,Nashik,Igatpuri AWS,2026-04-09,2026-04-09,20.0,19.7989,73.5803,615,11.35,0,4,99,28.5
1323,182985,Kawanai,Igatpuri,Nashik,Igatpuri AWS,2026-04-09,2026-04-09,20.0,19.781,73.617,628,10.77,0,4,99,28.5
1324,183013,Khadked,Igatpuri,Nashik,Igatpuri AWS,2026-04-09,2026-04-09,20.0,19.6711,73.5511,680,3.28,0,4,99,28.5
1325,183016,Khairgaon,Igatpuri,Nashik,Igatpuri AWS,2026-04-09,2026-04-09,20.0,19.7092,73.6618,605,10.31,0,4,99,28.5
1326,183014,Khambale,Igatpuri,Nashik,Igatpuri AWS,2026-03-09,2026-03-09,15.0,19.7331,73.6372,618,8.6,0,3,68,12.4
1327,183015,Khed,Igatpuri,Nashik,Igatpuri AWS,2026-03-09,2026-03-09,15.0,19.6615,73.7063,635,15.44,0,3,68,12.4
1328,183017,Korapgaon,Igatpuri,Nashik,Igatpuri AWS,2026-03-09,2026-03-09,15.0,19.6822,73.6122,655,5.34,0,3,68,12.4
1329,245160,Krishnanagar,Igatpuri,Nashik,Igatpuri AWS,2026-03-09,2026-03-09,15.0,19.7522,73.7011,612,15.56,0,3,68,12.4
1330,183023,Kurhegaon,Igatpuri,Nashik,Igatpuri AWS,2026-03-09,2026-03-09,15.0,19.8264,73.6963,608,19.89,0,3,68,12.4
1331,183019,Kurnoli,Igatpuri,Nashik,Igatpuri AWS,2026-03-09,2026-03-09,15.0,19.6711,73.6011,660,4.9,0,3,68,12.4
1332,183020,Kurungwadi,Igatpuri,Nashik,Igatpuri AWS,2026-03-09,2026-03-09,15.0,19.6219,73.6318,690,11.05,0,3,68,12.4
1333,259712,Kushegaon,Igatpuri,Nashik,Igatpuri AWS,2026-03-09,2026-03-09,15.0,19.8645,73.5754,595,18.55,0,3,68,12.4
1334,245159,Laxminagar,Igatpuri,Nashik,Igatpuri AWS,2026-03-09,2026-03-09,15.0,19.7322,73.6522,612,9.99,0,3,68,12.4
1335,183022,Malunje,Igatpuri,Nashik,Igatpuri AWS,2026-03-09,2026-03-09,15.0,19.7911,73.7011,605,17.69,0,3,68,12.4
1336,183024,Manikkhamb,Igatpuri,Nashik,Igatpuri AWS,2026-03-09,2026-03-09,15.0,19.7211,73.5511,635,2.9,0,3,68,12.4
1337,183029,Manjargaon,Igatpuri,Nashik,Igatpuri AWS,2026-03-09,2026-03-09,15.0,19.6522,73.6734,650,12.54,0,3,68,12.4
1338,183025,Manvedhe,Igatpuri,Nashik,Igatpuri AWS,2026-03-09,2026-03-09,15.0,19.6622,73.6111,675,6.34,0,3,68,12.4
1339,183021,Maydara,Igatpuri,Nashik,Igatpuri AWS,2026-03-09,2026-03-09,15.0,19.6411,73.5211,720,7.76,0,3,68,12.4
1340,183026,Mhasurli,Igatpuri,Nashik,Igatpuri AWS,2026-03-09,2026-03-09,15.0,19.8324,73.5362,615,15.23,0,3,68,12.4
1341,259713,Modale,Igatpuri,Nashik,Igatpuri AWS,2026-03-09,2026-03-09,15.0,19.8527,73.6115,590,17.91,0,3,68,12.4
1342,183027,Mogre,Igatpuri,Nashik,Igatpuri AWS,2026-03-09,2026-03-09,15.0,19.7811,73.5522,630,9.32,0,3,68,12.4
1343,183028,Mukane,Igatpuri,Nashik,Igatpuri AWS,2026-03-09,2026-03-09,15.0,19.8022,73.7111,605,19.27,0,3,68,12.4
1344,183018,Mundhegaon,Igatpuri,Nashik,Igatpuri AWS,2026-03-09,2026-03-09,15.0,19.7511,73.6511,625,10.86,0,3,68,12.4
1345,183030,Murambi,Igatpuri,Nashik,Igatpuri AWS,2026-03-09,2026-03-09,15.0,19.8509,73.6435,595,18.93,0,3,68,12.4
1346,183031,Nagosali,Igatpuri,Nashik,Igatpuri AWS,2026-03-09,2026-03-09,15.0,19.8026,73.5347,625,12.03,0,3,68,12.4
1347,183032,Nandgaon Bk,Igatpuri,Nashik,Igatpuri AWS,2026-03-09,2026-03-09,15.0,19.6747,73.5693,685,2.65,0,3,68,12.4
1348,183033,Nandgaon Sado,Igatpuri,Nashik,Igatpuri AWS,2026-03-09,2026-03-09,15.0,19.6747,73.5693,685,2.65,0,3,68,12.4
1349,183034,Nandurvaidya,Igatpuri,Nashik,Igatpuri AWS,2026-03-09,2026-03-09,15.0,19.8206,73.7318,602,22.23,0,3,68,12.4
1350,183035,Ninavi,Igatpuri,Nashik,Igatpuri AWS,2026-03-09,2026-03-09,15.0,19.7511,73.5822,645,6.2,0,3,68,12.4
1351,183036,Ondali,Igatpuri,Nashik,Igatpuri AWS,2026-02-09,2026-02-09,45.0,19.6455,73.7122,635,16.58,0,2,40,52.2
1352,183037,Padali (D),Igatpuri,Nashik,Sinnar AWS,2026-02-09,2026-02-09,45.0,19.7015,73.9585,590,15.56,0,2,40,44.8
1353,183038,Pimpalgaon Bhatata,Igatpuri,Nashik,Igatpuri AWS,2026-02-09,2026-02-09,45.0,19.8242,73.5355,622,14.35,0,2,40,52.2
1354,183039,Pimpalgaon Dukra,Igatpuri,Nashik,Igatpuri AWS,2026-02-09,2026-02-09,45.0,19.7915,73.6822,615,16.16,0,2,40,52.2
1355,183041,Pimpalgaon More,Igatpuri,Nashik,Igatpuri AWS,2026-02-09,2026-02-09,45.0,19.8601,73.6744,605,21.41,0,2,40,52.2
1356,183040,Pimpalgaon Ghadga,Igatpuri,Nashik,Igatpuri AWS,2026-02-09,2026-02-09,45.0,19.7822,73.6211,635,11.11,0,2,40,52.2
1357,183042,Pimpri-Sadrddino,Igatpuri,Nashik,Igatpuri AWS,2026-02-09,2026-02-09,45.0,19.6744,73.6122,670,5.69,0,2,40,52.2
1358,183043,Rayambe,Igatpuri,Nashik,Igatpuri AWS,2026-02-09,2026-02-09,45.0,19.7969,73.5925,615,11.39,0,2,40,52.2
1359,183044,Sakur,Igatpuri,Nashik,Igatpuri AWS,2026-02-09,2026-02-09,45.0,19.6211,73.6822,665,15.04,0,2,40,52.2
1360,183045,Samnera,Igatpuri,Nashik,Igatpuri AWS,2026-02-09,2026-02-09,45.0,19.7122,73.6544,618,9.59,0,2,40,52.2
1361,183046,Sanjegaon,Igatpuri,Nashik,Igatpuri AWS,2026-02-09,2026-02-09,45.0,19.824,73.6119,612,14.88,0,2,40,52.2
1362,183047,Shenit,Igatpuri,Nashik,Igatpuri AWS,2026-02-09,2026-02-09,45.0,19.7544,73.5822,635,6.55,0,2,40,52.2
1363,183048,Shenwad Bk,Igatpuri,Nashik,Igatpuri AWS,2026-02-09,2026-02-09,45.0,19.6953,73.6458,620,8.57,0,2,40,52.2
1364,183049,Shenwad Kh,Igatpuri,Nashik,Igatpuri AWS,2026-02-09,2026-02-09,45.0,19.6953,73.6458,620,8.57,0,2,40,52.2
1365,183050,Shevagedang,Igatpuri,Nashik,Igatpuri AWS,2026-02-09,2026-02-09,45.0,19.7122,73.5211,685,4.76,0,2,40,52.2
1366,183051,Shirsate,Igatpuri,Nashik,Igatpuri AWS,2026-02-09,2026-02-09,45.0,19.7211,73.5544,650,2.76,0,2,40,52.2
1367,183052,Somaj,Igatpuri,Nashik,Igatpuri AWS,2026-02-09,2026-02-09,45.0,19.8122,73.5822,615,12.84,0,2,40,52.2
1368,183053,Sonoshi,Igatpuri,Nashik,Igatpuri AWS,2026-02-09,2026-02-09,45.0,19.8544,73.6522,598,19.69,0,2,40,52.2
1369,183054,Taked Bk,Igatpuri,Nashik,Igatpuri AWS,2026-02-09,2026-02-09,45.0,19.6322,73.8111,635,26.89,0,2,40,52.2
1370,183055,Taked Kh.,Igatpuri,Nashik,Igatpuri AWS,2026-02-09,2026-02-09,45.0,19.6388,73.8222,630,27.83,0,2,40,52.2
1371,183056,Takeghoti,Igatpuri,Nashik,Igatpuri AWS,2026-02-09,2026-02-09,45.0,19.7044,73.6122,625,5.1,0,2,40,52.2
1372,183057,Talogha,Igatpuri,Nashik,Igatpuri AWS,2026-02-09,2026-02-09,45.0,19.7211,73.6822,612,12.64,0,2,40,52.2
1373,183058,Taloshi,Igatpuri,Nashik,Igatpuri AWS,2026-02-09,2026-02-09,45.0,19.6822,73.7111,630,15.5,0,2,40,52.2
1374,183059,Titoli,Igatpuri,Nashik,Igatpuri AWS,2026-02-09,2026-02-09,45.0,19.7122,73.6422,618,8.34,0,2,40,52.2
1375,183060,Tringalwadi,Igatpuri,Nashik,Igatpuri AWS,2026-02-09,2026-02-09,45.0,19.737,73.5358,665,5.25,0,2,40,52.2
1376,183061,Ubhade,Igatpuri,Nashik,Igatpuri AWS,2026-01-09,2026-01-09,5.0,19.7422,73.5844,635,5.36,0,1,9,3.8
1377,183062,Umberkon,Igatpuri,Nashik,Igatpuri AWS,2026-01-09,2026-01-09,5.0,19.8244,73.7022,605,20.17,0,1,9,3.8
1378,183065,Vaki,Igatpuri,Nashik,Igatpuri AWS,2026-01-09,2026-01-09,5.0,19.6544,73.7822,645,23.35,0,1,9,3.8
1379,183067,Vasali,Igatpuri,Nashik,Igatpuri AWS,2026-01-09,2026-01-09,5.0,19.6822,73.6544,622,9.63,0,1,9,3.8
1380,183063,Wadiwarhe,Igatpuri,Nashik,Igatpuri AWS,2026-01-09,2026-01-09,5.0,19.8605,73.6753,605,21.5,0,1,9,3.8
1381,183064,Waghere,Igatpuri,Nashik,Igatpuri AWS,2026-01-09,2026-01-09,5.0,19.8422,73.6922,600,20.91,0,1,9,3.8
1382,183066,Walvihir,Igatpuri,Nashik,Igatpuri AWS,2026-01-09,2026-01-09,5.0,19.7544,73.6122,625,8.05,0,1,9,3.8
1383,183068,Abhona,Kalwan,Nashik,Kalwan AWS,2026-01-09,2026-01-09,8.0,20.4791,73.9251,580,0.99,0,1,9,5.6
1384,183069,Athambe,Kalwan,Nashik,Kalwan AWS,2026-01-09,2026-01-09,8.0,20.4407,73.9638,595,6.86,0,1,9,5.6
1385,183071,Bagadu,Kalwan,Nashik,Kalwan AWS,2026-01-09,2026-01-09,8.0,20.4511,73.8822,615,5.3,0,1,9,5.6
1386,183070,Bapkheda,Kalwan,Nashik,Kalwan AWS,2026-01-09,2026-01-09,8.0,20.4822,73.9511,575,3.46,0,1,9,5.6
1387,183072,Bhadwan,Kalwan,Nashik,Kalwan AWS,2026-01-09,2026-01-09,8.0,20.4711,73.9822,570,6.86,0,1,9,5.6
1388,183073,Bhagurdi,Kalwan,Nashik,Kalwan AWS,2026-01-09,2026-01-09,8.0,20.5122,73.8244,640,10.21,0,1,9,5.6
1389,183074,Bhaitane (D),Kalwan,Nashik,Kalwan AWS,2026-01-09,2026-01-09,8.0,20.5511,73.9111,590,7.39,0,1,9,5.6
1390,245154,Bhandane Ha,Kalwan,Nashik,Kalwan AWS,2026-01-09,2026-01-09,8.0,20.5669,73.8294,625,12.96,0,1,9,5.6
1391,183075,Bhendi,Kalwan,Nashik,Kalwan AWS,2026-01-09,2026-01-09,8.0,20.4122,73.9522,590,8.84,0,1,9,5.6
1392,183076,Bhusani,Kalwan,Nashik,Kalwan AWS,2026-01-09,2026-01-09,8.0,20.4322,73.8111,650,12.59,0,1,9,5.6
1393,183077,Bilwadi,Kalwan,Nashik,Kalwan AWS,2026-01-09,2026-01-09,8.0,20.5422,73.8911,605,6.95,0,1,9,5.6
1394,183078,Bordaivat,Kalwan,Nashik,Kalwan AWS,2026-01-09,2026-01-09,8.0,20.5111,74.0522,555,14.28,0,1,9,5.6
1395,183079,Chankapur,Kalwan,Nashik,Kalwan AWS,2026-01-09,2026-01-09,8.0,20.5128,73.8922,612,4.1,0,1,9,5.6
1396,183080,Dahyane Digar,Kalwan,Nashik,Kalwan AWS,2026-01-09,2026-01-09,8.0,20.4922,73.8544,630,6.67,0,1,9,5.6
1397,183081,Dalwat,Kalwan,Nashik,Kalwan AWS,2026-01-09,2026-01-09,8.0,20.5416,73.8261,645,11.45,0,1,9,5.6
1398,183082,Darebhangi,Kalwan,Nashik,Kalwan AWS,2026-01-09,2026-01-09,8.0,20.5611,73.8111,655,13.98,0,1,9,5.6
1399,183085,Deovalivani,Kalwan,Nashik,Kalwan AWS,2026-01-09,2026-01-09,8.0,20.5011,73.9211,585,1.82,0,1,9,5.6
1400,183083,Desarane,Kalwan,Nashik,Kalwan AWS,2026-01-09,2026-01-09,8.0,20.5822,73.9111,605,10.83,0,1,9,5.6
1401,183084,Desgaon,Kalwan,Nashik,Kalwan AWS,2026-04-09,2026-04-09,12.5,20.5211,73.9511,612,5.29,0,4,99,2.1
1402,183086,Dharde Diger,Kalwan,Nashik,Kalwan AWS,2026-04-09,2026-04-09,12.5,20.5444,73.8822,612,7.58,0,4,99,2.1
1403,183087,Ganore,Kalwan,Nashik,Kalwan AWS,2026-04-09,2026-04-09,12.5,20.4411,74.0111,612,10.86,0,4,99,2.1
1404,183088,Gobapur,Kalwan,Nashik,Kalwan AWS,2026-04-09,2026-04-09,12.5,20.4363,73.9358,612,5.72,0,4,99,2.1
1405,183089,Golakhal,Kalwan,Nashik,Kalwan AWS,2026-04-09,2026-04-09,12.5,20.5122,73.9422,612,3.94,0,4,99,2.1
1406,245149,Gopalkhadi,Kalwan,Nashik,Kalwan AWS,2026-04-09,2026-04-09,12.5,20.5822,73.8511,612,12.86,0,4,99,2.1
1407,183090,Gosarane,Kalwan,Nashik,Kalwan AWS,2026-04-09,2026-04-09,12.5,20.5011,73.9822,612,6.92,0,4,99,2.1
1408,183091,Hingave,Kalwan,Nashik,Kalwan AWS,2026-04-09,2026-04-09,12.5,20.4911,73.9011,612,1.89,0,4,99,2.1
1409,183092,Jaidar,Kalwan,Nashik,Kalwan AWS,2026-04-09,2026-04-09,12.5,20.5922,73.8906,612,12.26,0,4,99,2.1
1410,183093,Jaipur,Kalwan,Nashik,Kalwan AWS,2026-04-09,2026-04-09,12.5,20.5622,73.8211,612,13.25,0,4,99,2.1
1411,183094,Jamale Vani,Kalwan,Nashik,Kalwan AWS,2026-04-09,2026-04-09,12.5,20.5311,73.9222,612,5.14,0,4,99,2.1
1412,183095,Juni Bej,Kalwan,Nashik,Kalwan AWS,2026-04-09,2026-04-09,12.5,20.4611,74.0511,612,14.12,0,4,99,2.1
1413,183096,Kakane,Kalwan,Nashik,Kalwan AWS,2026-04-09,2026-04-09,12.5,20.4422,73.9411,612,5.33,0,4,99,2.1
1414,183097,Kalmathe (Pa),Kalwan,Nashik,Kalwan AWS,2026-04-09,2026-04-09,12.5,20.4522,73.9622,612,5.87,0,4,99,2.1
1415,183099,Kalwan (Kd),Kalwan,Nashik,Kalwan AWS,2026-04-09,2026-04-09,12.5,20.4909,74.0241,612,11.07,0,4,99,2.1
1416,183100,Kanashi (K),Kalwan,Nashik,Kalwan AWS,2026-04-09,2026-04-09,12.5,20.5811,73.8222,612,14.62,0,4,99,2.1
1417,183101,Karambhel (K),Kalwan,Nashik,Kalwan AWS,2026-04-09,2026-04-09,12.5,20.5911,73.8422,612,14.19,0,4,99,2.1
1418,183102,Kathare Diger,Kalwan,Nashik,Kalwan AWS,2026-04-09,2026-04-09,12.5,20.6122,73.8811,612,14.66,0,4,99,2.1
1419,183104,Khadakvan,Kalwan,Nashik,Kalwan AWS,2026-04-09,2026-04-09,12.5,20.4711,73.9011,612,2.34,0,4,99,2.1
1420,183103,Khadki,Kalwan,Nashik,Kalwan AWS,2026-04-09,2026-04-09,12.5,20.4122,73.9822,612,10.5,0,4,99,2.1
1421,183105,Kharde Diger,Kalwan,Nashik,Kalwan AWS,2026-04-09,2026-04-09,12.5,20.5522,73.8111,612,13.41,0,4,99,2.1
1422,183106,Khedgaon,Kalwan,Nashik,Kalwan AWS,2026-04-09,2026-04-09,12.5,20.4811,73.9222,612,0.62,0,4,99,2.1
1423,245150,Khirad,Kalwan,Nashik,Kalwan AWS,2026-04-09,2026-04-09,12.5,20.4538,73.7964,612,13.13,0,4,99,2.1
1424,183108,Kosurde,Kalwan,Nashik,Kalwan AWS,2026-04-09,2026-04-09,12.5,20.5211,73.9011,612,4.38,0,4,99,2.1
1425,183107,Koswan,Kalwan,Nashik,Kalwan AWS,2026-04-09,2026-04-09,12.5,20.5611,73.8544,612,10.75,0,4,99,2.1
1426,183109,Kundane (K),Kalwan,Nashik,Kalwan AWS,2026-03-09,2026-03-09,10.0,20.5122,74.0111,612,10.16,0,3,68,2.8
1427,183110,Kundane (O),Kalwan,Nashik,Kalwan AWS,2026-03-09,2026-03-09,10.0,20.5122,74.0111,612,10.16,0,3,68,2.8
1428,183111,Lingama,Kalwan,Nashik,Kalwan AWS,2026-03-09,2026-03-09,10.0,20.5411,73.9422,612,6.73,0,3,68,2.8
1429,183112,Malgaon (Kh),Kalwan,Nashik,Kalwan AWS,2026-03-09,2026-03-09,10.0,20.4711,73.8922,612,3.1,0,3,68,2.8
1430,183113,Manur,Kalwan,Nashik,Kalwan AWS,2026-03-09,2026-03-09,10.0,20.4827,74.0167,612,10.28,0,3,68,2.8
1431,183114,Mehedar,Kalwan,Nashik,Kalwan AWS,2026-03-09,2026-03-09,10.0,20.5311,74.0522,612,14.89,0,3,68,2.8
1432,183116,Mohandari,Kalwan,Nashik,Kalwan AWS,2026-03-09,2026-03-09,10.0,20.4422,73.8959,612,5.29,0,3,68,2.8
1433,183117,Mohmukh,Kalwan,Nashik,Kalwan AWS,2026-03-09,2026-03-09,10.0,20.4922,73.9811,612,6.62,0,3,68,2.8
1434,183118,Mokhbhangi,Kalwan,Nashik,Kalwan AWS,2026-03-09,2026-03-09,10.0,20.5626,74.015,612,13.28,0,3,68,2.8
1435,183115,Mulanevani,Kalwan,Nashik,Kalwan AWS,2026-03-09,2026-03-09,10.0,20.4422,73.9622,612,6.62,0,3,68,2.8
1436,183119,Nakoda,Kalwan,Nashik,Kalwan AWS,2026-03-09,2026-03-09,10.0,20.5511,73.8811,612,8.29,0,3,68,2.8
1437,183120,Nalid,Kalwan,Nashik,Kalwan AWS,2026-03-09,2026-03-09,10.0,20.5111,74.0111,612,10.12,0,3,68,2.8
1438,183121,Nanduri,Kalwan,Nashik,Kalwan AWS,2026-03-09,2026-03-09,10.0,20.4173,73.9056,612,7.64,0,3,68,2.8
1439,183122,Narul,Kalwan,Nashik,Kalwan AWS,2026-03-09,2026-03-09,10.0,20.4811,73.9511,612,3.48,0,3,68,2.8
1440,183123,Navi Bej,Kalwan,Nashik,Kalwan AWS,2026-03-09,2026-03-09,10.0,20.5143,74.0747,612,16.64,0,3,68,2.8
1441,183124,Nivane,Kalwan,Nashik,Kalwan AWS,2026-03-09,2026-03-09,10.0,20.5311,73.9111,612,5.18,0,3,68,2.8
1442,183126,Ojhar,Kalwan,Nashik,Kalwan AWS,2026-03-09,2026-03-09,10.0,20.5111,73.8811,612,4.82,0,3,68,2.8
1443,183125,Otur,Kalwan,Nashik,Kalwan AWS,2026-03-09,2026-03-09,10.0,20.4176,74.0044,612,11.71,0,3,68,2.8
1444,183127,Palasdar,Kalwan,Nashik,Kalwan AWS,2026-03-09,2026-03-09,10.0,20.5822,73.8411,612,13.45,0,3,68,2.8
1445,183128,Pale (Bk),Kalwan,Nashik,Kalwan AWS,2026-03-09,2026-03-09,10.0,20.4911,73.9011,612,1.89,0,3,68,2.8
1446,183129,Pale (Kd),Kalwan,Nashik,Kalwan AWS,2026-03-09,2026-03-09,10.0,20.4955,73.9122,612,1.31,0,3,68,2.8
1447,183130,Patvihir,Kalwan,Nashik,Kalwan AWS,2026-03-09,2026-03-09,10.0,20.5611,73.8122,612,13.89,0,3,68,2.8
1448,183131,Pilkos,Kalwan,Nashik,Kalwan AWS,2026-03-09,2026-03-09,10.0,20.4711,73.9422,612,2.96,0,3,68,2.8
1449,183132,Pimpale (Bk),Kalwan,Nashik,Kalwan AWS,2026-03-09,2026-03-09,10.0,20.5111,74.0111,612,10.12,0,3,68,2.8
1450,245153,Punadnagar,Kalwan,Nashik,Kalwan AWS,2026-03-09,2026-03-09,10.0,20.5311,73.9222,612,5.14,0,3,68,2.8
1451,183133,Ravalji,Kalwan,Nashik,Kalwan AWS,2026-02-09,2026-02-09,15.0,20.4511,74.0522,612,14.48,0,2,40,1.5
1452,183134,Sakore,Kalwan,Nashik,Kalwan AWS,2026-02-09,2026-02-09,15.0,20.4473,73.9883,612,8.44,0,2,40,1.5
1453,183135,Saptashrungi Gad,Kalwan,Nashik,Kalwan AWS,2026-02-09,2026-02-09,15.0,20.3922,73.9111,612,10.34,0,2,40,1.5
1454,183136,Sarledigar,Kalwan,Nashik,Kalwan AWS,2026-02-09,2026-02-09,15.0,20.5822,73.8511,612,12.86,0,2,40,1.5
1455,183137,Savakipale,Kalwan,Nashik,Kalwan AWS,2026-02-09,2026-02-09,15.0,20.4122,73.9811,612,10.43,0,2,40,1.5
1456,245151,Shingashi,Kalwan,Nashik,Kalwan AWS,2026-02-09,2026-02-09,15.0,20.5511,73.8111,612,13.34,0,2,40,1.5
1457,183138,Shirasmani,Kalwan,Nashik,Kalwan AWS,2026-02-09,2026-02-09,15.0,20.4911,73.9222,612,0.81,0,2,40,1.5
1458,183139,Sukapur,Kalwan,Nashik,Kalwan AWS,2026-02-09,2026-02-09,15.0,20.5211,73.9011,612,4.38,0,2,40,1.5
1459,183140,Sule,Kalwan,Nashik,Kalwan AWS,2026-02-09,2026-02-09,15.0,20.5611,73.8544,612,10.75,0,2,40,1.5
1460,245152,Supale Digar,Kalwan,Nashik,Kalwan AWS,2026-02-09,2026-02-09,15.0,20.5122,74.0111,612,10.16,0,2,40,1.5
1461,183141,Tatani,Kalwan,Nashik,Kalwan AWS,2026-02-09,2026-02-09,15.0,20.5411,73.9422,612,6.73,0,2,40,1.5
1462,245148,Tirhal (Kh),Kalwan,Nashik,Kalwan AWS,2026-02-09,2026-02-09,15.0,20.4711,73.8922,612,3.1,0,2,40,1.5
1463,183142,Vadale (Ha),Kalwan,Nashik,Kalwan AWS,2026-02-09,2026-02-09,15.0,20.5311,74.0522,612,14.89,0,2,40,1.5
1464,183143,Vadalevani,Kalwan,Nashik,Kalwan AWS,2026-02-09,2026-02-09,15.0,20.4922,73.9811,612,6.62,0,2,40,1.5
1465,183145,Verule,Kalwan,Nashik,Kalwan AWS,2026-02-09,2026-02-09,15.0,20.4422,73.9622,612,6.62,0,2,40,1.5
1466,183146,Virshet,Kalwan,Nashik,Kalwan AWS,2026-02-09,2026-02-09,15.0,20.5511,73.8811,612,8.29,0,2,40,1.5
1467,183147,Visapur,Kalwan,Nashik,Kalwan AWS,2026-02-09,2026-02-09,15.0,20.5111,74.0111,612,10.12,0,2,40,1.5
1468,183144,Wadi (Bk),Kalwan,Nashik,Kalwan AWS,2026-02-09,2026-02-09,15.0,20.4811,73.9511,612,3.48,0,2,40,1.5
1469,183149,Aghar (Bk),Malegaon,Nashik,Malegaon AWS,2026-02-09,2026-02-09,8.0,20.5622,74.3211,435,19.69,0,2,40,0.4
1470,183150,Aghar (Kd),Malegaon,Nashik,Malegaon AWS,2026-02-09,2026-02-09,8.0,20.5722,74.3311,435,18.73,0,2,40,0.4
1471,183148,Ajande,Malegaon,Nashik,Malegaon AWS,2026-02-09,2026-02-09,8.0,20.5422,74.4111,435,10.38,0,2,40,0.4
1472,183151,Ajang,Malegaon,Nashik,Malegaon AWS,2026-02-09,2026-02-09,8.0,20.6352,74.4521,435,10.86,0,2,40,0.4
1473,183152,Astane,Malegaon,Nashik,Malegaon AWS,2026-02-09,2026-02-09,8.0,20.6834,74.6421,435,19.9,0,2,40,0.4
1474,183153,Belgaon,Malegaon,Nashik,Malegaon AWS,2026-02-09,2026-02-09,8.0,20.6122,74.3522,435,17.66,0,2,40,0.4
1475,183154,Bhardenagar,Malegaon,Nashik,Malegaon AWS,2026-02-09,2026-02-09,8.0,20.5822,74.5211,435,3.34,0,2,40,0.4
1476,183156,Bhilkot,Malegaon,Nashik,Malegaon AWS,2026-01-09,2026-01-09,6.0,20.6522,74.4822,435,11.3,0,1,9,1.2
1477,183157,Chandanpuri,Malegaon,Nashik,Malegaon AWS,2026-01-09,2026-01-09,6.0,20.5111,74.4422,435,8.52,0,1,9,1.2
1478,183158,Chaukatpade,Malegaon,Nashik,Malegaon AWS,2026-01-09,2026-01-09,6.0,20.6822,74.5511,435,14.88,0,1,9,1.2
1479,183159,Chikhalohol,Malegaon,Nashik,Malegaon AWS,2026-01-09,2026-01-09,6.0,20.6011,74.6111,435,11.76,0,1,9,1.2
1480,183160,Chinchagavan,Malegaon,Nashik,Malegaon AWS,2026-01-09,2026-01-09,6.0,20.6211,74.4122,435,12.62,0,1,9,1.2
1481,183161,Chinchawad,Malegaon,Nashik,Malegaon AWS,2026-01-09,2026-01-09,6.0,20.5911,74.3822,435,13.93,0,1,9,1.2
1482,183162,Chinchwe (Ga),Malegaon,Nashik,Malegaon AWS,2026-01-09,2026-01-09,6.0,20.6511,74.5511,435,11.61,0,1,9,1.2
1483,183163,Chondhi,Malegaon,Nashik,Malegaon AWS,2026-01-09,2026-01-09,6.0,20.5411,74.3111,435,20.76,0,1,9,1.2
1484,183165,Dabali,Malegaon,Nashik,Malegaon AWS,2026-01-09,2026-01-09,6.0,20.5722,74.3822,435,13.46,0,1,9,1.2
1485,183164,Dabhadi,Malegaon,Nashik,Malegaon AWS,2026-01-09,2026-01-09,6.0,20.5506,74.4559,435,5.65,0,1,9,1.2
1486,183166,Dahidi,Malegaon,Nashik,Malegaon AWS,2026-01-09,2026-01-09,6.0,20.6111,74.5211,435,6.45,0,1,9,1.2
1487,183167,Dahiwal,Malegaon,Nashik,Malegaon AWS,2026-01-09,2026-01-09,6.0,20.5811,74.6522,435,15.11,0,1,9,1.2
1488,183168,Dapure,Malegaon,Nashik,Malegaon AWS,2026-01-09,2026-01-09,6.0,20.6322,74.4511,435,10.64,0,1,9,1.2
1489,183170,Dasane,Malegaon,Nashik,Malegaon AWS,2026-01-09,2026-01-09,6.0,20.5841,74.5714,435,7.22,0,1,9,1.2
1490,183173,Deoghat,Malegaon,Nashik,Malegaon AWS,2026-01-09,2026-01-09,6.0,20.5893,74.7811,435,28.49,0,1,9,1.2
1491,183172,Devarpade,Malegaon,Nashik,Malegaon AWS,2026-01-09,2026-01-09,6.0,20.5922,74.4211,435,10.18,0,1,9,1.2
1492,183174,Dhavaleshwar,Malegaon,Nashik,Malegaon AWS,2026-01-09,2026-01-09,6.0,20.6511,74.5822,435,13.15,0,1,9,1.2
1493,183175,Dongrale,Malegaon,Nashik,Malegaon AWS,2026-01-09,2026-01-09,6.0,20.7851,74.5724,435,26.5,0,1,9,1.2
1494,183176,Dundhe,Malegaon,Nashik,Malegaon AWS,2026-01-09,2026-01-09,6.0,20.5411,74.3411,435,17.64,0,1,9,1.2
1495,183177,Erandgaon,Malegaon,Nashik,Malegaon AWS,2026-01-09,2026-01-09,6.0,20.5722,74.4522,435,6.35,0,1,9,1.2
1496,183178,Galne,Malegaon,Nashik,Malegaon AWS,2026-01-09,2026-01-09,6.0,20.6111,74.5111,435,6.35,0,1,9,1.2
1497,183179,Garbad,Malegaon,Nashik,Malegaon AWS,2026-01-09,2026-01-09,6.0,20.5922,74.6211,435,12.32,0,1,9,1.2
1498,183180,Garegaon,Malegaon,Nashik,Malegaon AWS,2026-01-09,2026-01-09,6.0,20.738,74.4175,435,22.61,0,1,9,1.2
1499,183182,Ghanegaon,Malegaon,Nashik,Malegaon AWS,2026-01-09,2026-01-09,6.0,20.6311,74.5511,435,9.58,0,1,9,1.2
1500,183181,Gilane,Malegaon,Nashik,Malegaon AWS,2026-01-09,2026-01-09,6.0,20.6311,74.5511,435,9.58,0,1,9,1.2
1501,183183,Ghodegaon,Malegaon,Nashik,Malegaon AWS,2026-04-09,2026-04-09,15.0,20.5511,74.4822,438,2.9,0,4,99,2.5
1502,183181,Gigaon,Malegaon,Nashik,Malegaon AWS,2026-04-09,2026-04-09,15.0,20.6122,74.6255,445,13.87,0,4,99,2.5
1503,183184,Gilane,Malegaon,Nashik,Malegaon AWS,2026-04-09,2026-04-09,15.0,20.4522,74.5211,452,10.94,0,4,99,2.5
1504,183185,Gugulwad,Malegaon,Nashik,Malegaon AWS,2026-04-09,2026-04-09,15.0,20.5822,74.3411,465,17.94,0,4,99,2.5
1505,183186,Hatane,Malegaon,Nashik,Malegaon AWS,2026-04-09,2026-04-09,15.0,20.6422,74.5511,440,11.11,0,4,99,2.5
1506,183187,Hiswal,Malegaon,Nashik,Malegaon AWS,2026-04-09,2026-04-09,15.0,20.6334,74.7932,450,30.9,0,4,99,2.5
1507,183188,Jalgaon (Ga),Malegaon,Nashik,Malegaon AWS,2026-04-09,2026-04-09,15.0,20.6211,74.6322,442,14.98,0,4,99,2.5
1508,183189,Jalgaon (Ni),Malegaon,Nashik,Malegaon AWS,2026-04-09,2026-04-09,15.0,20.5511,74.3911,460,12.38,0,4,99,2.5
1509,183190,Jalku,Malegaon,Nashik,Malegaon AWS,2026-04-09,2026-04-09,15.0,20.6511,74.4522,448,12.75,0,4,99,2.5
1510,183191,Jatpade,Malegaon,Nashik,Malegaon AWS,2026-04-09,2026-04-09,15.0,20.4911,74.4822,445,7.16,0,4,99,2.5
1511,183192,Jeur,Malegaon,Nashik,Malegaon AWS,2026-04-09,2026-04-09,15.0,20.5822,74.6111,440,11.12,0,4,99,2.5
1512,183193,Jwardi (Bk),Malegaon,Nashik,Malegaon AWS,2026-04-09,2026-04-09,15.0,20.5422,74.3211,462,19.69,0,4,99,2.5
1513,183194,Kajwade,Malegaon,Nashik,Malegaon AWS,2026-04-09,2026-04-09,15.0,20.7822,74.4001,468,28.24,0,4,99,2.5
1514,183195,Kalwadi,Malegaon,Nashik,Malegaon AWS,2026-04-09,2026-04-09,15.0,20.5518,74.7497,455,24.96,0,4,99,2.5
1515,183196,Kandhane,Malegaon,Nashik,Satana AWS,2026-04-09,2026-04-09,15.0,20.6256,74.1066,605,10.5,0,4,99,2.5
1516,183197,Kankrale,Malegaon,Nashik,Malegaon AWS,2026-04-09,2026-04-09,15.0,20.6853,74.4927,442,15.15,0,4,99,2.5
1517,183198,Karanj Gavhan,Malegaon,Nashik,Malegaon AWS,2026-04-09,2026-04-09,15.0,20.5122,74.3822,472,13.96,0,4,99,2.5
1518,183199,Kashti,Malegaon,Nashik,Malegaon AWS,2026-04-09,2026-04-09,15.0,20.6223,74.483,448,8.52,0,4,99,2.5
1519,183200,Kaulane (Ga),Malegaon,Nashik,Malegaon AWS,2026-04-09,2026-04-09,15.0,20.4811,74.4211,465,12.02,0,4,99,2.5
1520,183201,Kaulane (Ni),Malegaon,Nashik,Malegaon AWS,2026-04-09,2026-04-09,15.0,20.5611,74.4111,462,10.37,0,4,99,2.5
1521,183202,Khadaki,Malegaon,Nashik,Malegaon AWS,2026-04-09,2026-04-09,15.0,20.5411,74.4422,448,7.13,0,4,99,2.5
1522,183203,Khakurdi,Malegaon,Nashik,Malegaon AWS,2026-04-09,2026-04-09,15.0,20.6853,74.4177,450,17.85,0,4,99,2.5
1523,183204,Khalane,Malegaon,Nashik,Malegaon AWS,2026-04-09,2026-04-09,15.0,20.6111,74.5822,435,10.13,0,4,99,2.5
1524,183205,Khayade,Malegaon,Nashik,Malegaon AWS,2026-04-09,2026-04-09,15.0,20.6211,74.4111,458,12.98,0,4,99,2.5
1525,183206,Kothare (Bk),Malegaon,Nashik,Malegaon AWS,2026-04-09,2026-04-09,15.0,20.6511,74.6011,432,14.71,0,4,99,2.5
1526,183207,Kukane,Malegaon,Nashik,Malegaon AWS,2026-03-09,2026-03-09,10.0,20.6533,74.5159,435,11.5,0,3,68,5.8
1527,183208,Lakhani,Malegaon,Nashik,Malegaon AWS,2026-03-09,2026-03-09,10.0,20.7021,74.6444,428,21.95,0,3,68,5.8
1528,183209,Lendane,Malegaon,Nashik,Malegaon AWS,2026-03-09,2026-03-09,10.0,20.5722,74.5422,436,4.16,0,3,68,5.8
1529,183210,Lonwade,Malegaon,Nashik,Malegaon AWS,2026-03-09,2026-03-09,10.0,20.5511,74.3111,468,20.71,0,3,68,5.8
1530,183211,Lulle,Malegaon,Nashik,Malegaon AWS,2026-03-09,2026-03-09,10.0,20.4611,74.5211,450,9.95,0,3,68,5.8
1531,183213,Malgaon,Malegaon,Nashik,Malegaon AWS,2026-03-09,2026-03-09,10.0,20.5911,74.5822,435,8.8,0,3,68,5.8
1532,183218,Malhangaon,Malegaon,Nashik,Malegaon AWS,2026-03-09,2026-03-09,10.0,20.5822,74.4522,455,7.0,0,3,68,5.8
1533,183214,Manjre,Malegaon,Nashik,Malegaon AWS,2026-03-09,2026-03-09,10.0,20.5611,74.3811,465,13.48,0,3,68,5.8
1534,183215,Manke,Malegaon,Nashik,Malegaon AWS,2026-03-09,2026-03-09,10.0,20.5522,74.6111,435,10.53,0,3,68,5.8
1535,183216,Mathurpada,Malegaon,Nashik,Malegaon AWS,2026-03-09,2026-03-09,10.0,20.5411,74.4922,445,2.1,0,3,68,5.8
1536,183217,Mehune,Malegaon,Nashik,Malegaon AWS,2026-03-09,2026-03-09,10.0,20.6011,74.3411,482,18.48,0,3,68,5.8
1537,183219,Mohpada,Malegaon,Nashik,Malegaon AWS,2026-03-09,2026-03-09,10.0,20.5211,74.4211,460,9.8,0,3,68,5.8
1538,183220,Mungse,Malegaon,Nashik,Satana AWS,2026-03-09,2026-03-09,10.0,20.7335,74.1067,605,18.68,0,3,68,5.8
1539,183221,Nagaon (Di),Malegaon,Nashik,Malegaon AWS,2026-03-09,2026-03-09,10.0,20.5811,74.4422,460,7.86,0,3,68,5.8
1540,183222,Nagzari,Malegaon,Nashik,Malegaon AWS,2026-03-09,2026-03-09,10.0,20.8143,74.5382,425,29.53,0,3,68,5.8
1541,183223,Nale,Malegaon,Nashik,Malegaon AWS,2026-03-09,2026-03-09,10.0,20.5511,74.6522,435,14.81,0,3,68,5.8
1542,183224,Nandgaon (Bk),Malegaon,Nashik,Malegaon AWS,2026-03-09,2026-03-09,10.0,20.3079,74.6572,465,30.98,0,3,68,5.8
1543,183225,Nardane,Malegaon,Nashik,Malegaon AWS,2026-03-09,2026-03-09,10.0,20.5611,74.4822,445,3.15,0,3,68,5.8
1544,183226,Nilgawhan,Malegaon,Nashik,Malegaon AWS,2026-03-09,2026-03-09,10.0,20.5922,74.5511,438,6.35,0,3,68,5.8
1545,183227,Nimbayati,Malegaon,Nashik,Malegaon AWS,2026-03-09,2026-03-09,10.0,20.5111,74.3211,472,20.14,0,3,68,5.8
1546,183228,Nimgaon,Malegaon,Nashik,Malegaon AWS,2026-03-09,2026-03-09,10.0,20.4387,74.5589,455,13.38,0,3,68,5.8
1547,183229,Nimgaon (Kh),Malegaon,Nashik,Malegaon AWS,2026-03-09,2026-03-09,10.0,20.5811,74.5111,435,3.46,0,3,68,5.8
1548,183230,Nimgile,Malegaon,Nashik,Malegaon AWS,2026-03-09,2026-03-09,10.0,20.5522,74.3822,465,13.31,0,3,68,5.8
1549,183231,Nimshewadi,Malegaon,Nashik,Malegaon AWS,2026-03-09,2026-03-09,10.0,20.6111,74.4522,458,9.08,0,3,68,5.8
1550,183232,Padalde,Malegaon,Nashik,Malegaon AWS,2026-03-09,2026-03-09,10.0,20.6011,74.4911,448,6.01,0,3,68,5.8
1551,183233,Palasdare,Malegaon,Nashik,Malegaon AWS,2026-02-09,2026-02-09,20.0,20.5822,74.4122,465,10.79,0,2,40,12.4
1552,183234,Pandhrun,Malegaon,Nashik,Malegaon AWS,2026-02-09,2026-02-09,20.0,20.5411,74.3511,470,16.57,0,2,40,12.4
1553,183236,Patane,Malegaon,Nashik,Malegaon AWS,2026-02-09,2026-02-09,20.0,20.5211,74.4822,448,4.33,0,2,40,12.4
1554,183235,Patharde,Malegaon,Nashik,Malegaon AWS,2026-02-09,2026-02-09,20.0,20.5511,74.3111,472,20.71,0,2,40,12.4
1555,183237,Pimpalgaon,Malegaon,Nashik,Malegaon AWS,2026-02-09,2026-02-09,20.0,20.5722,74.4211,465,9.58,0,2,40,12.4
1556,183238,Pohane,Malegaon,Nashik,Malegaon AWS,2026-02-09,2026-02-09,20.0,20.7623,74.4217,458,25.33,0,2,40,12.4
1557,183239,Rajmane,Malegaon,Nashik,Malegaon AWS,2026-02-09,2026-02-09,20.0,20.5811,74.4822,442,4.51,0,2,40,12.4
1558,183241,Ravalgaon,Malegaon,Nashik,Malegaon AWS,2026-02-09,2026-02-09,20.0,20.5922,74.3411,485,18.2,0,2,40,12.4
1559,183240,Ronzane,Malegaon,Nashik,Malegaon AWS,2026-02-09,2026-02-09,20.0,20.5411,74.3822,468,13.34,0,2,40,12.4
1560,183242,Ronze,Malegaon,Nashik,Malegaon AWS,2026-02-09,2026-02-09,20.0,20.5111,74.4522,452,7.41,0,2,40,12.4
1561,183243,Sajwal,Malegaon,Nashik,Malegaon AWS,2026-02-09,2026-02-09,20.0,20.5522,74.3111,475,20.71,0,2,40,12.4
1562,183244,Sakur,Malegaon,Nashik,Malegaon AWS,2026-02-09,2026-02-09,20.0,20.5611,74.4122,465,10.26,0,2,40,12.4
1563,183245,Sakuri (Ni),Malegaon,Nashik,Malegaon AWS,2026-02-09,2026-02-09,20.0,20.4811,74.5211,450,7.75,0,2,40,12.4
1564,183246,Satmanne,Malegaon,Nashik,Malegaon AWS,2026-02-09,2026-02-09,20.0,20.6111,74.6011,435,11.67,0,2,40,12.4
1565,183247,Saundane,Malegaon,Nashik,Malegaon AWS,2026-02-09,2026-02-09,20.0,20.5822,74.4522,458,7.0,0,2,40,12.4
1566,295549,Savatawadi,Malegaon,Nashik,Malegaon AWS,2026-02-09,2026-02-09,20.0,20.6211,74.4211,462,12.17,0,2,40,12.4
1567,183249,Savkarwadi,Malegaon,Nashik,Malegaon AWS,2026-02-09,2026-02-09,20.0,20.5511,74.4822,448,2.9,0,2,40,12.4
1568,183248,Sawandgaon,Malegaon,Nashik,Malegaon AWS,2026-02-09,2026-02-09,20.0,20.5722,74.3822,472,13.53,0,2,40,12.4
1569,183251,Sayne (Kd),Malegaon,Nashik,Malegaon AWS,2026-02-09,2026-02-09,20.0,20.5911,74.5211,435,4.71,0,2,40,12.4
1570,183252,Shendurni,Malegaon,Nashik,Malegaon AWS,2026-02-09,2026-02-09,20.0,20.6111,74.6522,428,16.29,0,2,40,12.4
1571,183253,Sherul,Malegaon,Nashik,Malegaon AWS,2026-02-09,2026-02-09,20.0,20.615,74.7595,432,26.96,0,2,40,12.4
1572,183254,Shirsondi,Malegaon,Nashik,Malegaon AWS,2026-02-09,2026-02-09,20.0,20.5822,74.4922,450,4.03,0,2,40,12.4
1573,183255,Sitane,Malegaon,Nashik,Malegaon AWS,2026-02-09,2026-02-09,20.0,20.5411,74.3411,472,17.61,0,2,40,12.4
1574,183256,Sonaj,Malegaon,Nashik,Malegaon AWS,2026-02-09,2026-02-09,20.0,20.5522,74.4522,452,6.02,0,2,40,12.4
1575,183258,Takali,Malegaon,Nashik,Malegaon AWS,2026-02-09,2026-02-09,20.0,20.5611,74.3811,470,13.48,0,2,40,12.4
1576,183259,Talwade,Malegaon,Nashik,Malegaon AWS,2026-01-09,2026-01-09,5.0,20.3977,74.7498,465,30.18,0,1,9,1.2
1577,183260,Tehare,Malegaon,Nashik,Malegaon AWS,2026-01-09,2026-01-09,5.0,20.5122,74.4111,458,11.12,0,1,9,1.2
1578,183261,Tingri,Malegaon,Nashik,Malegaon AWS,2026-01-09,2026-01-09,5.0,20.4811,74.5511,445,8.78,0,1,9,1.2
1579,183262,Tokade,Malegaon,Nashik,Malegaon AWS,2026-01-09,2026-01-09,5.0,20.6211,74.5822,435,10.91,0,1,9,1.2
1580,183263,Umbarde,Malegaon,Nashik,Malegaon AWS,2026-01-09,2026-01-09,5.0,20.5922,74.4211,468,10.38,0,1,9,1.2
1581,183265,Vadel,Malegaon,Nashik,Malegaon AWS,2026-01-09,2026-01-09,5.0,20.6389,74.457,448,11.32,0,1,9,1.2
1582,183266,Vadgaon,Malegaon,Nashik,Malegaon AWS,2026-01-09,2026-01-09,5.0,20.5511,74.3111,475,20.71,0,1,9,1.2
1583,183267,Vadner,Malegaon,Nashik,Malegaon AWS,2026-01-09,2026-01-09,5.0,20.5611,74.4922,445,2.23,0,1,9,1.2
1584,183268,Vajirkhede,Malegaon,Nashik,Malegaon AWS,2026-01-09,2026-01-09,5.0,20.5411,74.3411,472,17.61,0,1,9,1.2
1585,183270,Valwade,Malegaon,Nashik,Malegaon AWS,2026-01-09,2026-01-09,5.0,20.5822,74.4522,458,7.0,0,1,9,1.2
1586,183271,Valwadi,Malegaon,Nashik,Malegaon AWS,2026-01-09,2026-01-09,5.0,20.6111,74.5211,442,6.89,0,1,9,1.2
1587,183272,Vanpat,Malegaon,Nashik,Malegaon AWS,2026-01-09,2026-01-09,5.0,20.5922,74.6211,435,12.48,0,1,9,1.2
1588,183273,Varahane,Malegaon,Nashik,Malegaon AWS,2026-01-09,2026-01-09,5.0,20.5411,74.3822,468,13.34,0,1,9,1.2
1589,183264,Virane,Malegaon,Nashik,Malegaon AWS,2026-01-09,2026-01-09,5.0,20.7441,74.46,448,22.2,0,1,9,1.2
1590,183269,Wake,Malegaon,Nashik,Malegaon AWS,2026-01-09,2026-01-09,5.0,20.5511,74.4111,462,10.3,0,1,9,1.2
1591,183274,Yesgaon (Bk),Malegaon,Nashik,Malegaon AWS,2026-01-09,2026-01-09,5.0,20.6111,74.5511,435,8.03,0,1,9,1.2
1592,183275,Yesgaon (Kd),Malegaon,Nashik,Malegaon AWS,2026-01-09,2026-01-09,5.0,20.6211,74.5611,438,9.53,0,1,9,1.2
1593,183276,Zadi,Malegaon,Nashik,Malegaon AWS,2026-01-09,2026-01-09,5.0,20.5822,74.4822,448,4.6,0,1,9,1.2
1594,183277,Zodage,Malegaon,Nashik,Malegaon AWS,2026-01-09,2026-01-09,5.0,20.5922,74.3411,485,18.2,0,1,9,1.2
1595,183278,Amode,Nandgaon,Nashik,Nandgaon AWS,2026-01-09,2026-01-09,5.0,20.5036,74.7726,465,25.03,0,1,9,1.2
1596,183279,Anakwade,Nandgaon,Nashik,Nandgaon AWS,2026-01-09,2026-01-09,5.0,20.4122,74.5811,480,13.44,0,1,9,1.2
1597,183280,Astgaon,Nandgaon,Nashik,Nandgaon AWS,2026-01-09,2026-01-09,5.0,20.3168,74.4887,512,16.84,0,1,9,1.2
1598,183281,Babhulwadi,Nandgaon,Nashik,Nandgaon AWS,2026-01-09,2026-01-09,5.0,20.3511,74.6122,495,6.03,0,1,9,1.2
1599,183282,Bangaon Bk.,Nandgaon,Nashik,Nandgaon AWS,2026-01-09,2026-01-09,5.0,20.3822,74.5511,505,13.07,0,1,9,1.2
1600,183283,Bangaon Kh.,Nandgaon,Nashik,Nandgaon AWS,2026-01-09,2026-01-09,5.0,20.3911,74.5422,508,14.41,0,1,9,1.2
1601,183291,Bejgaon,Nandgaon,Nashik,Nandgaon AWS,2026-04-09,2026-04-09,15.0,20.3111,74.4422,520,21.67,0,4,99,2.5
1602,183285,Bhalur,Nandgaon,Nashik,Nandgaon AWS,2026-04-09,2026-04-09,15.0,20.4011,74.6211,520,10.57,0,4,99,2.5
1603,183286,Bhardi,Nandgaon,Nashik,Nandgaon AWS,2026-04-09,2026-04-09,15.0,20.3522,74.5844,520,8.29,0,4,99,2.5
1604,183287,Bhauri,Nandgaon,Nashik,Nandgaon AWS,2026-04-09,2026-04-09,15.0,20.3811,74.6011,520,9.41,0,4,99,2.5
1605,183288,Birole,Nandgaon,Nashik,Nandgaon AWS,2026-04-09,2026-04-09,15.0,20.3211,74.5211,520,13.5,0,4,99,2.5
1606,183289,Bolthan,Nandgaon,Nashik,Nandgaon AWS,2026-04-09,2026-04-09,15.0,20.1921,74.9086,520,29.99,0,4,99,2.5
1607,183290,Borale,Nandgaon,Nashik,Nandgaon AWS,2026-04-09,2026-04-09,15.0,20.3511,74.5822,520,8.42,0,4,99,2.5
1608,183284,Boygaon,Nandgaon,Nashik,Nandgaon AWS,2026-04-09,2026-04-09,15.0,20.3411,74.5511,520,10.88,0,4,99,2.5
1609,183292,Chandore,Nandgaon,Nashik,Nandgaon AWS,2026-04-09,2026-04-09,15.0,20.3822,74.6111,520,8.99,0,4,99,2.5
1610,183293,Chinchvihir,Nandgaon,Nashik,Nandgaon AWS,2026-04-09,2026-04-09,15.0,20.3622,74.6311,520,6.13,0,4,99,2.5
1611,183294,Dahegaon,Nandgaon,Nashik,Nandgaon AWS,2026-04-09,2026-04-09,15.0,20.4111,74.5211,520,17.52,0,4,99,2.5
1612,183295,Darhel,Nandgaon,Nashik,Nandgaon AWS,2026-04-09,2026-04-09,15.0,20.3811,74.5811,520,10.68,0,4,99,2.5
1613,183296,Dhaner,Nandgaon,Nashik,Nandgaon AWS,2026-04-09,2026-04-09,15.0,20.3222,74.5422,520,11.32,0,4,99,2.5
1614,183297,Dheku Kd.,Nandgaon,Nashik,Nandgaon AWS,2026-04-09,2026-04-09,15.0,20.3511,74.5911,520,7.66,0,4,99,2.5
1615,183298,Dhotane Bk.,Nandgaon,Nashik,Nandgaon AWS,2026-04-09,2026-04-09,15.0,20.3922,74.6011,520,10.47,0,4,99,2.5
1616,183299,Dhotane Kh.,Nandgaon,Nashik,Nandgaon AWS,2026-04-09,2026-04-09,15.0,20.3955,74.6122,520,10.29,0,4,99,2.5
1617,183300,Ekawai,Nandgaon,Nashik,Nandgaon AWS,2026-04-09,2026-04-09,15.0,20.4011,74.5511,520,14.45,0,4,99,2.5
1618,183301,Fulenagar,Nandgaon,Nashik,Nandgaon AWS,2026-04-09,2026-04-09,15.0,20.3822,74.5844,520,10.55,0,4,99,2.5
1619,183302,Gangadhari,Nandgaon,Nashik,Nandgaon AWS,2026-04-09,2026-04-09,15.0,20.3111,74.4822,520,17.5,0,4,99,2.5
1620,183303,Girnanagar,Nandgaon,Nashik,Nandgaon AWS,2026-04-09,2026-04-09,15.0,20.3411,74.5111,520,14.89,0,4,99,2.5
1621,183304,Gondegaon,Nandgaon,Nashik,Nandgaon AWS,2026-04-09,2026-04-09,15.0,20.3511,74.5511,520,11.28,0,4,99,2.5
1622,183306,Higane Dehare,Nandgaon,Nashik,Nandgaon AWS,2026-04-09,2026-04-09,15.0,20.3211,74.4522,520,20.66,0,4,99,2.5
1623,183305,Hinganwadi,Nandgaon,Nashik,Nandgaon AWS,2026-04-09,2026-04-09,15.0,20.3811,74.5211,520,15.59,0,4,99,2.5
1624,183307,Hirenagar,Nandgaon,Nashik,Nandgaon AWS,2026-04-09,2026-04-09,15.0,20.3911,74.5811,520,11.53,0,4,99,2.5
1625,183308,Hiswal Bk.,Nandgaon,Nashik,Nandgaon AWS,2026-04-09,2026-04-09,15.0,20.6334,74.7932,520,38.93,0,4,99,2.5
1626,183309,Hiswal Kh.,Nandgaon,Nashik,Nandgaon AWS,2026-03-09,2026-03-09,10.0,20.6211,74.7811,520,37.19,0,3,68,2.8
1627,183310,Jalgaon Bk.,Nandgaon,Nashik,Nandgaon AWS,2026-03-09,2026-03-09,10.0,20.2511,74.8822,520,25.09,0,3,68,2.8
1628,183311,Jalgaon Kh.,Nandgaon,Nashik,Nandgaon AWS,2026-03-09,2026-03-09,10.0,20.2588,74.8911,520,25.78,0,3,68,2.8
1629,183312,Jamdhri,Nandgaon,Nashik,Nandgaon AWS,2026-03-09,2026-03-09,10.0,20.3111,74.5511,520,10.31,0,3,68,2.8
1630,183313,Jategaon,Nandgaon,Nashik,Nandgaon AWS,2026-03-09,2026-03-09,10.0,20.229,74.8736,520,25.0,0,3,68,2.8
1631,183314,Jawalki,Nandgaon,Nashik,Nandgaon AWS,2026-03-09,2026-03-09,10.0,20.3411,74.6111,520,5.33,0,3,68,2.8
1632,183315,Kalamdari,Nandgaon,Nashik,Nandgaon AWS,2026-03-09,2026-03-09,10.0,20.3511,74.5822,520,8.42,0,3,68,2.8
1633,183316,Karhi,Nandgaon,Nashik,Nandgaon AWS,2026-03-09,2026-03-09,10.0,20.3822,74.5211,520,15.65,0,3,68,2.8
1634,183317,Kasabkheda,Nandgaon,Nashik,Nandgaon AWS,2026-03-09,2026-03-09,10.0,20.3911,74.5511,520,13.7,0,3,68,2.8
1635,183318,Kasari,Nandgaon,Nashik,Nandgaon AWS,2026-03-09,2026-03-09,10.0,20.3111,74.5111,520,14.49,0,3,68,2.8
1636,183319,Khadgaon,Nandgaon,Nashik,Nandgaon AWS,2026-03-09,2026-03-09,10.0,20.3411,74.5811,520,7.97,0,3,68,2.8
1637,183320,Khirdi Patode,Nandgaon,Nashik,Nandgaon AWS,2026-03-09,2026-03-09,10.0,20.3511,74.6122,520,6.03,0,3,68,2.8
1638,183321,Kondhar,Nandgaon,Nashik,Nandgaon AWS,2026-03-09,2026-03-09,10.0,20.3822,74.5844,520,10.55,0,3,68,2.8
1639,183322,Krantinagar,Nandgaon,Nashik,Nandgaon AWS,2026-03-09,2026-03-09,10.0,20.3911,74.6011,520,10.36,0,3,68,2.8
1640,183323,Kusumtel,Nandgaon,Nashik,Nandgaon AWS,2026-03-09,2026-03-09,10.0,20.3111,74.4522,520,20.63,0,3,68,2.8
1641,183324,Laxminagar,Nandgaon,Nashik,Nandgaon AWS,2026-03-09,2026-03-09,10.0,20.3411,74.5211,520,13.88,0,3,68,2.8
1642,183325,Lodhare,Nandgaon,Nashik,Nandgaon AWS,2026-03-09,2026-03-09,10.0,20.2541,74.92,520,28.84,0,3,68,2.8
1643,183326,Lohshingve,Nandgaon,Nashik,Nandgaon AWS,2026-03-09,2026-03-09,10.0,20.3511,74.5511,520,11.28,0,3,68,2.8
1644,183327,Malegaon (K),Nandgaon,Nashik,Nandgaon AWS,2026-03-09,2026-03-09,10.0,20.5576,74.5247,520,30.47,0,3,68,2.8
1645,183328,Malgaon,Nandgaon,Nashik,Nandgaon AWS,2026-03-09,2026-03-09,10.0,20.4566,74.6404,520,16.33,0,3,68,2.8
1646,183329,Malharwadi,Nandgaon,Nashik,Nandgaon AWS,2026-03-09,2026-03-09,10.0,20.3811,74.5822,520,10.61,0,3,68,2.8
1647,183330,Mandwad,Nandgaon,Nashik,Nandgaon AWS,2026-03-09,2026-03-09,10.0,20.3911,74.6111,520,9.89,0,3,68,2.8
1648,183331,Manglane,Nandgaon,Nashik,Nandgaon AWS,2026-03-09,2026-03-09,10.0,20.3111,74.4822,520,17.5,0,3,68,2.8
1649,183332,Manikpunj,Nandgaon,Nashik,Nandgaon AWS,2026-03-09,2026-03-09,10.0,20.3411,74.5111,520,14.89,0,3,68,2.8
1650,183333,Mohegaon,Nandgaon,Nashik,Nandgaon AWS,2026-03-09,2026-03-09,10.0,20.3511,74.5511,520,11.28,0,3,68,2.8
1651,183334,Morzar,Nandgaon,Nashik,Nandgaon AWS,2026-02-09,2026-02-09,20.0,20.3811,74.5844,520,10.45,0,2,40,12.4
1652,183335,Muldongri,Nandgaon,Nashik,Nandgaon AWS,2026-02-09,2026-02-09,20.0,20.3911,74.6011,520,10.36,0,2,40,12.4
1653,183336,Nagapur,Nandgaon,Nashik,Nandgaon AWS,2026-02-09,2026-02-09,20.0,20.3111,74.4522,520,20.63,0,2,40,12.4
1654,183337,Nandur,Nandgaon,Nashik,Nandgaon AWS,2026-02-09,2026-02-09,20.0,20.3211,74.4822,520,17.54,0,2,40,12.4
1655,183338,Navsari,Nandgaon,Nashik,Nandgaon AWS,2026-02-09,2026-02-09,20.0,20.3411,74.5111,520,14.89,0,2,40,12.4
1656,183339,Naydongri,Nandgaon,Nashik,Nandgaon AWS,2026-02-09,2026-02-09,20.0,20.35,74.8322,520,19.51,0,2,40,12.4
1657,183340,New Panzan,Nandgaon,Nashik,Nandgaon AWS,2026-02-09,2026-02-09,20.0,20.3511,74.5511,520,11.28,0,2,40,12.4
1658,183341,Palashi,Nandgaon,Nashik,Nandgaon AWS,2026-02-09,2026-02-09,20.0,20.3811,74.5844,520,10.45,0,2,40,12.4
1659,183342,Panewadi,Nandgaon,Nashik,Nandgaon AWS,2026-02-09,2026-02-09,20.0,20.3911,74.6011,520,10.36,0,2,40,12.4
1660,183343,Panzandev,Nandgaon,Nashik,Nandgaon AWS,2026-02-09,2026-02-09,20.0,20.3111,74.4522,520,20.63,0,2,40,12.4
1661,183344,Pardhadi,Nandgaon,Nashik,Nandgaon AWS,2026-02-09,2026-02-09,20.0,20.3411,74.5211,520,13.88,0,2,40,12.4
1662,183345,Pimparkhed,Nandgaon,Nashik,Nandgaon AWS,2026-02-09,2026-02-09,20.0,20.3086,74.7829,520,13.86,0,2,40,12.4
1663,183346,Pimprale,Nandgaon,Nashik,Nandgaon AWS,2026-02-09,2026-02-09,20.0,20.3511,74.5511,520,11.28,0,2,40,12.4
1664,183347,Pimprihaveli,Nandgaon,Nashik,Nandgaon AWS,2026-02-09,2026-02-09,20.0,20.3811,74.5822,520,10.61,0,2,40,12.4
1665,183348,Pokhari Patode,Nandgaon,Nashik,Nandgaon AWS,2026-02-09,2026-02-09,20.0,20.3911,74.6111,520,9.89,0,2,40,12.4
1666,183349,Rankheda,Nandgaon,Nashik,Nandgaon AWS,2026-02-09,2026-02-09,20.0,20.3111,74.4822,520,17.5,0,2,40,12.4
1667,183350,Rohile (Bk),Nandgaon,Nashik,Nandgaon AWS,2026-02-09,2026-02-09,20.0,20.3411,74.5111,520,14.89,0,2,40,12.4
1668,183351,Sakora,Nandgaon,Nashik,Nandgaon AWS,2026-02-09,2026-02-09,20.0,20.3511,74.5511,520,11.28,0,2,40,12.4
1669,183352,Satane,Nandgaon,Nashik,Nandgaon AWS,2026-02-09,2026-02-09,20.0,20.3811,74.5844,520,10.45,0,2,40,12.4
1670,183353,Sawargaon,Nandgaon,Nashik,Nandgaon AWS,2026-02-09,2026-02-09,20.0,20.377,74.7941,520,16.77,0,2,40,12.4
1671,183354,Shashrinagar,Nandgaon,Nashik,Nandgaon AWS,2026-02-09,2026-02-09,20.0,20.3911,74.6011,520,10.36,0,2,40,12.4
1672,183355,Shriramnagar,Nandgaon,Nashik,Nandgaon AWS,2026-02-09,2026-02-09,20.0,20.3111,74.4522,520,20.63,0,2,40,12.4
1673,183356,Soyegaon,Nandgaon,Nashik,Nandgaon AWS,2026-02-09,2026-02-09,20.0,20.3411,74.5211,520,13.88,0,2,40,12.4
1674,183357,Takali Bk.,Nandgaon,Nashik,Nandgaon AWS,2026-02-09,2026-02-09,20.0,20.3511,74.5511,520,11.28,0,2,40,12.4
1675,183358,Takali Kh.,Nandgaon,Nashik,Nandgaon AWS,2026-02-09,2026-02-09,20.0,20.3622,74.5611,520,10.94,0,2,40,12.4
1676,183359,Talwade,Nandgaon,Nashik,Nandgaon AWS,2026-01-09,2026-01-09,5.0,20.3977,74.7498,520,14.26,0,1,9,1.2
1677,183360,Tandulwadi,Nandgaon,Nashik,Nandgaon AWS,2026-01-09,2026-01-09,5.0,20.3811,74.5822,520,10.61,0,1,9,1.2
1678,183361,Vahelgaon,Nandgaon,Nashik,Nandgaon AWS,2026-01-09,2026-01-09,5.0,20.3911,74.6111,520,9.89,0,1,9,1.2
1679,183365,Vanjarwadi,Nandgaon,Nashik,Nandgaon AWS,2026-01-09,2026-01-09,5.0,20.3111,74.4822,520,17.5,0,1,9,1.2
1680,183362,Wadali Bk.,Nandgaon,Nashik,Nandgaon AWS,2026-01-09,2026-01-09,5.0,20.3411,74.5111,520,14.89,0,1,9,1.2
1681,183363,Wadali Kh.,Nandgaon,Nashik,Nandgaon AWS,2026-01-09,2026-01-09,5.0,20.3511,74.5211,520,14.2,0,1,9,1.2
1682,183364,Wakhari,Nandgaon,Nashik,Nandgaon AWS,2026-01-09,2026-01-09,5.0,20.3811,74.5844,520,10.45,0,1,9,1.2
1683,183366,Ambebahula,Nashik,Nashik,Nashik AWS,2026-01-09,2026-01-09,5.0,19.9122,73.7111,600,11.26,0,1,9,3.5
1684,183367,Belatgavhan,Nashik,Nashik,Nashik AWS,2026-01-09,2026-01-09,5.0,19.9311,73.7544,600,7.07,0,1,9,3.5
1685,183368,Belgaon Dhaga,Nashik,Nashik,Nashik AWS,2026-01-09,2026-01-09,5.0,19.9678,73.6889,600,9.84,0,1,9,3.5
1686,183369,Chandgiri,Nashik,Nashik,Nashik AWS,2026-01-09,2026-01-09,5.0,19.9822,73.8544,600,7.82,0,1,9,3.5
1687,183370,Chandshi,Nashik,Nashik,Nashik AWS,2026-01-09,2026-01-09,5.0,20.0284,73.7429,600,5.77,0,1,9,3.5
1688,183371,Dahegaon,Nashik,Nashik,Nashik AWS,2026-01-09,2026-01-09,5.0,19.9511,73.9111,600,14.37,0,1,9,3.5
1689,183372,Dari,Nashik,Nashik,Nashik AWS,2026-01-09,2026-01-09,5.0,20.0522,73.7111,600,9.98,0,1,9,3.5
1690,183373,Devargaon,Nashik,Nashik,Nashik AWS,2026-01-09,2026-01-09,5.0,20.0111,73.6522,600,13.56,0,1,9,3.5
1691,183374,Dhondegaon,Nashik,Nashik,Nashik AWS,2026-01-09,2026-01-09,5.0,20.0822,73.6811,600,14.56,0,1,9,3.5
1692,183375,Donwade,Nashik,Nashik,Nashik AWS,2026-01-09,2026-01-09,5.0,20.0311,73.6922,600,10.25,0,1,9,3.5
1693,183376,Dudgaon,Nashik,Nashik,Nashik AWS,2026-01-09,2026-01-09,5.0,20.0911,73.7511,600,11.64,0,1,9,3.5
1694,183377,Dugaon,Nashik,Nashik,Nashik AWS,2026-01-09,2026-01-09,5.0,20.073,73.6857,600,13.5,0,1,9,3.5
1695,183378,Eklahare,Nashik,Nashik,Nashik AWS,2026-01-09,2026-01-09,5.0,19.9722,73.8811,600,10.75,0,1,9,3.5
1696,183379,Ganeshgaon N.,Nashik,Nashik,Nashik AWS,2026-01-09,2026-01-09,5.0,20.0111,73.6122,600,17.69,0,1,9,3.5
1697,183380,Ganeshgaon T.,Nashik,Nashik,Nashik AWS,2026-01-09,2026-01-09,5.0,19.9811,73.6811,600,10.38,0,1,9,3.5
1698,183381,Gangamhalungi,Nashik,Nashik,Nashik AWS,2026-01-09,2026-01-09,5.0,20.0511,73.6522,600,14.98,0,1,9,3.5
1699,183382,Gangavarhe,Nashik,Nashik,Nashik AWS,2026-01-09,2026-01-09,5.0,20.0119,73.6734,600,11.4,0,1,9,3.5
1700,183383,Gaulane,Nashik,Nashik,Nashik AWS,2026-01-09,2026-01-09,5.0,19.9061,73.7408,600,10.19,0,1,9,3.5
1701,183384,Girnare,Nashik,Nashik,Nashik AWS,2026-04-09,2026-04-09,10.0,20.0737,73.6612,605,16.2,0,4,99,4.0
1702,183385,Govardhan,Nashik,Nashik,Nashik AWS,2026-04-09,2026-04-09,10.0,19.9972,73.6841,595,10.2,0,4,99,4.0
1703,183386,Hinganwedhe,Nashik,Nashik,Nashik AWS,2026-04-09,2026-04-09,10.0,19.9231,73.6934,602,11.04,0,4,99,4.0
1704,273454,Indira Nagar,Nashik,Nashik,Nashik AWS,2026-04-09,2026-04-09,10.0,19.9734,73.7812,590,0.74,0,4,99,4.0
1705,183387,Jakhori,Nashik,Nashik,Nashik AWS,2026-04-09,2026-04-09,10.0,20.0152,73.9143,585,14.57,0,4,99,4.0
1706,183388,Jalalpur,Nashik,Nashik,Nashik AWS,2026-04-09,2026-04-09,10.0,20.0381,73.7431,612,7.52,0,4,99,4.0
1707,183389,Jategaon,Nashik,Nashik,Nashik AWS,2026-04-09,2026-04-09,10.0,19.9237,73.6484,615,15.11,0,4,99,4.0
1708,183390,Kalavi,Nashik,Nashik,Nashik AWS,2026-04-09,2026-04-09,10.0,20.1042,73.6451,622,19.73,0,4,99,4.0
1709,183391,Kotamgaon,Nashik,Nashik,Niphad AWS,2026-04-09,2026-04-09,10.0,20.1474,74.2051,570,11.62,0,4,99,4.0
1710,183392,Ladchi,Nashik,Nashik,Nashik AWS,2026-04-09,2026-04-09,10.0,20.0831,73.6952,618,14.49,0,4,99,4.0
1711,183393,Lahvit,Nashik,Nashik,Nashik AWS,2026-04-09,2026-04-09,10.0,19.8514,73.815,590,14.76,0,4,99,4.0
1712,183394,Lakhalgaon,Nashik,Nashik,Nashik AWS,2026-04-09,2026-04-09,10.0,19.9986,73.9213,582,14.91,0,4,99,4.0
1713,183395,Lohshingve,Nashik,Nashik,Nashik AWS,2026-04-09,2026-04-09,10.0,19.9821,73.9242,582,15.07,0,4,99,4.0
1714,183396,Madsangvi,Nashik,Nashik,Nashik AWS,2026-04-09,2026-04-09,10.0,20.0241,73.9213,580,15.56,0,4,99,4.0
1715,183397,Mahadeopur,Nashik,Nashik,Nashik AWS,2026-04-09,2026-04-09,10.0,19.9832,73.7121,610,7.1,0,4,99,4.0
1716,183398,Mahirawani,Nashik,Nashik,Nashik AWS,2026-04-09,2026-04-09,10.0,20.0112,73.6732,615,11.69,0,4,99,4.0
1717,183399,Matori,Nashik,Nashik,Nashik AWS,2026-04-09,2026-04-09,10.0,20.0531,73.7742,602,8.15,0,4,99,4.0
1718,183400,Mohagaon,Nashik,Nashik,Nashik AWS,2026-04-09,2026-04-09,10.0,20.0142,73.6531,618,13.79,0,4,99,4.0
1719,183401,Mungsara,Nashik,Nashik,Nashik AWS,2026-04-09,2026-04-09,10.0,20.0821,73.6832,625,15.2,0,4,99,4.0
1720,183402,Nagalwadi,Nashik,Nashik,Nashik AWS,2026-04-09,2026-04-09,10.0,20.0952,73.6241,630,20.72,0,4,99,4.0
1721,183403,Naikwadi,Nashik,Nashik,Nashik AWS,2026-04-09,2026-04-09,10.0,20.1066,73.6424,622,20.12,0,4,99,4.0
1722,183404,Nanegaon,Nashik,Nashik,Nashik AWS,2026-04-09,2026-04-09,10.0,19.9312,73.7541,598,6.06,0,4,99,4.0
1723,183405,Odha,Nashik,Nashik,Nashik AWS,2026-04-09,2026-04-09,10.0,20.0177,73.9132,585,14.54,0,4,99,4.0
1724,183406,Ozerkhede,Nashik,Nashik,Niphad AWS,2026-04-09,2026-04-09,10.0,20.2581,73.9542,575,26.3,0,4,99,4.0
1725,183407,Palse,Nashik,Nashik,Nashik AWS,2026-04-09,2026-04-09,10.0,19.9231,73.8542,588,10.01,0,4,99,4.0
1726,183408,Pimpalgaon,Nashik,Nashik,Nashik AWS,2026-03-09,2026-03-09,5.0,19.7098,73.6877,625,31.56,0,3,68,2.8
1727,183410,Pimplad N.,Nashik,Nashik,Nashik AWS,2026-03-09,2026-03-09,5.0,19.9648,73.5284,645,26.35,0,3,68,2.8
1728,183409,Pimpri Sayyad,Nashik,Nashik,Nashik AWS,2026-03-09,2026-03-09,5.0,20.0412,73.8821,590,12.65,0,3,68,2.8
1729,183411,Rahuri,Nashik,Nashik,Nashik AWS,2026-03-09,2026-03-09,5.0,19.9142,73.8111,595,8.01,0,3,68,2.8
1730,183412,Raigadnagar,Nashik,Nashik,Nashik AWS,2026-03-09,2026-03-09,5.0,20.1062,73.6431,625,20.04,0,3,68,2.8
1731,183413,Rajewadi,Nashik,Nashik,Nashik AWS,2026-03-09,2026-03-09,5.0,20.0321,73.7442,610,6.9,0,3,68,2.8
1732,183414,Rajur Bahula,Nashik,Nashik,Nashik AWS,2026-03-09,2026-03-09,5.0,19.9061,73.7422,615,9.12,0,3,68,2.8
1733,273770,Sadgaon,Nashik,Nashik,Nashik AWS,2026-03-09,2026-03-09,5.0,20.0953,73.6249,630,20.66,0,3,68,2.8
1734,183415,Samangaon,Nashik,Nashik,Nashik AWS,2026-03-09,2026-03-09,5.0,19.9672,73.8831,585,10.87,0,3,68,2.8
1735,183416,Sansari,Nashik,Nashik,Nashik AWS,2026-03-09,2026-03-09,5.0,19.9062,73.8383,588,10.22,0,3,68,2.8
1736,183417,Sarul,Nashik,Nashik,Nashik AWS,2026-03-09,2026-03-09,5.0,19.9021,73.8342,590,10.35,0,3,68,2.8
1737,183421,Shewge Darna,Nashik,Nashik,Nashik AWS,2026-03-09,2026-03-09,5.0,19.9122,73.8911,585,13.85,0,3,68,2.8
1738,183418,Shilapur,Nashik,Nashik,Nashik AWS,2026-03-09,2026-03-09,5.0,19.9963,73.8994,582,12.61,0,3,68,2.8
1739,183419,Shinde,Nashik,Nashik,Nashik AWS,2026-03-09,2026-03-09,5.0,19.9167,73.8983,585,14.23,0,3,68,2.8
1740,183420,Shivagaon,Nashik,Nashik,Nashik AWS,2026-03-09,2026-03-09,5.0,20.0521,73.7132,612,10.63,0,3,68,2.8
1741,300333,Subhashnagar,Nashik,Nashik,Niphad AWS,2026-03-09,2026-03-09,5.0,20.0341,74.0112,570,12.46,0,3,68,2.8
1742,183422,Talegaon Anjaneri,Nashik,Nashik,Nashik AWS,2026-03-09,2026-03-09,5.0,19.9421,73.5732,645,22.02,0,3,68,2.8
1743,183423,Tridshet,Nashik,Nashik,Nashik AWS,2026-03-09,2026-03-09,5.0,19.9982,73.6821,598,10.43,0,3,68,2.8
1744,183424,Vadgaon,Nashik,Nashik,Nashik AWS,2026-03-09,2026-03-09,5.0,20.0131,73.7542,605,4.56,0,3,68,2.8
1745,183425,Vanjarwadi,Nashik,Nashik,Nashik AWS,2026-03-09,2026-03-09,5.0,20.0241,73.8511,592,8.9,0,3,68,2.8
1746,183427,Vilholi,Nashik,Nashik,Nashik AWS,2026-03-09,2026-03-09,5.0,19.9163,73.7178,608,9.61,0,3,68,2.8
1747,183430,Ahergaon,Niphad,Nashik,Niphad AWS,2026-03-09,2026-03-09,5.0,20.1621,74.2042,575,12.67,0,3,68,2.8
1748,183431,Antwerli,Niphad,Nashik,Niphad AWS,2026-03-09,2026-03-09,5.0,20.0631,73.9542,582,17.42,0,3,68,2.8
1749,183499,Aurangpur,Niphad,Nashik,Niphad AWS,2026-03-09,2026-03-09,5.0,20.0812,74.2821,565,16.93,0,3,68,2.8
1750,183433,Berwadi (Ramnagar),Niphad,Nashik,Niphad AWS,2026-03-09,2026-03-09,5.0,20.1412,74.2531,568,15.47,0,3,68,2.8
1751,183432,Bharvas,Niphad,Nashik,Niphad AWS,2026-02-09,2026-02-09,15.0,19.9912,74.1432,578,10.17,0,2,40,15.0
1752,183434,Bhed,Niphad,Nashik,Niphad AWS,2026-02-09,2026-02-09,15.0,20.0142,74.0931,580,7.84,0,2,40,15.0
1753,183435,Bhendali,Niphad,Nashik,Niphad AWS,2026-02-09,2026-02-09,15.0,19.9717,74.0612,585,13.52,0,2,40,15.0
1754,183439,Bhuse,Niphad,Nashik,Niphad AWS,2026-02-09,2026-02-09,15.0,19.9998,74.094,580,9.32,0,2,40,15.0
1755,183436,Bokadadare,Niphad,Nashik,Niphad AWS,2026-02-09,2026-02-09,15.0,20.0152,74.1532,575,8.0,0,2,40,15.0
1756,183438,Bramhangaon (Vanas),Niphad,Nashik,Niphad AWS,2026-02-09,2026-02-09,15.0,20.1571,74.1424,570,8.89,0,2,40,15.0
1757,183437,Bramhangaon Vinchor,Niphad,Nashik,Niphad AWS,2026-02-09,2026-02-09,15.0,20.1541,74.2342,565,14.49,0,2,40,15.0
1758,183440,Chandori,Niphad,Nashik,Niphad AWS,2026-02-09,2026-02-09,15.0,20.0233,73.9991,585,14.11,0,2,40,15.0
1759,183441,Chappadgaon,Niphad,Nashik,Niphad AWS,2026-02-09,2026-02-09,15.0,20.0231,74.2211,562,12.31,0,2,40,15.0
1760,183442,Chatori,Niphad,Nashik,Niphad AWS,2026-02-09,2026-02-09,15.0,20.0212,74.0411,585,10.52,0,2,40,15.0
1761,183443,Chitegaon,Niphad,Nashik,Nashik AWS,2026-02-09,2026-02-09,15.0,19.9721,73.9532,590,18.12,0,2,40,15.0
1762,183444,Darana Sangvi,Niphad,Nashik,Nashik AWS,2026-02-09,2026-02-09,15.0,20.0131,73.9142,588,14.5,0,2,40,15.0
1763,183445,Datyan,Niphad,Nashik,Niphad AWS,2026-02-09,2026-02-09,15.0,20.1312,74.2811,565,17.76,0,2,40,15.0
1764,183446,Dawachwadi,Niphad,Nashik,Niphad AWS,2026-02-09,2026-02-09,15.0,20.0412,74.2422,568,13.47,0,2,40,15.0
1765,183453,Deogaon,Niphad,Nashik,Niphad AWS,2026-02-09,2026-02-09,15.0,20.0276,74.2615,565,15.89,0,2,40,15.0
1766,183448,Deopur,Niphad,Nashik,Niphad AWS,2026-02-09,2026-02-09,15.0,20.1812,74.1132,570,11.28,0,2,40,15.0
1767,183450,Dharangaon Khadak,Niphad,Nashik,Niphad AWS,2026-02-09,2026-02-09,15.0,20.1531,74.1211,570,8.13,0,2,40,15.0
1768,183449,Dharangaon Veer,Niphad,Nashik,Niphad AWS,2026-02-09,2026-02-09,15.0,20.0241,74.2412,565,14.1,0,2,40,15.0
1769,183451,Dindori,Niphad,Nashik,Niphad AWS,2026-02-09,2026-02-09,15.0,20.0305,74.1476,575,6.21,0,2,40,15.0
1770,183452,DIXI,Niphad,Nashik,Nashik AWS,2026-02-09,2026-02-09,15.0,20.0412,73.9621,588,20.21,0,2,40,15.0
1771,183447,Dongargaon,Niphad,Nashik,Niphad AWS,2026-02-09,2026-02-09,15.0,20.1342,74.0531,575,9.23,0,2,40,15.0
1772,183454,Gajarwadi,Niphad,Nashik,Niphad AWS,2026-02-09,2026-02-09,15.0,20.0414,74.1658,572,6.43,0,2,40,15.0
1773,183456,Godegaon,Niphad,Nashik,Niphad AWS,2026-02-09,2026-02-09,15.0,20.1211,74.3121,560,20.57,0,2,40,15.0
1774,183455,Gondegaon,Niphad,Nashik,Niphad AWS,2026-02-09,2026-02-09,15.0,20.0342,74.1921,568,9.09,0,2,40,15.0
1775,183457,Gorthan,Niphad,Nashik,Niphad AWS,2026-02-09,2026-02-09,15.0,20.0811,74.0842,580,3.74,0,2,40,15.0
1776,293805,Grampanchayat Varhedarana,Niphad,Nashik,Nashik AWS,2026-01-09,2026-01-09,10.0,20.0321,73.9431,590,18.0,0,1,9,7.5
1777,183458,Hanumannagar,Niphad,Nashik,Niphad AWS,2026-01-09,2026-01-09,10.0,20.1412,74.3021,562,20.2,0,1,9,7.5
1778,183459,Jalgaon,Niphad,Nashik,Niphad AWS,2026-01-09,2026-01-09,10.0,20.0648,74.112,580,1.89,0,1,9,7.5
1779,183460,Jiwahle,Niphad,Nashik,Niphad AWS,2026-01-09,2026-01-09,10.0,20.0521,74.2412,568,13.03,0,1,9,7.5
1780,183461,Kanlad,Niphad,Nashik,Niphad AWS,2026-01-09,2026-01-09,10.0,19.9663,74.2731,560,20.39,0,1,9,7.5
1781,183462,Karanjgaon,Niphad,Nashik,Niphad AWS,2026-01-09,2026-01-09,10.0,20.016,74.0739,582,8.59,0,1,9,7.5
1782,183463,Karanj Kd.,Niphad,Nashik,Niphad AWS,2026-01-09,2026-01-09,10.0,20.0812,74.0812,580,4.05,0,1,9,7.5
1783,183464,Karsul,Niphad,Nashik,Niphad AWS,2026-01-09,2026-01-09,10.0,20.1415,74.0302,578,11.61,0,1,9,7.5
1784,183466,Kathargaon,Niphad,Nashik,Niphad AWS,2026-01-09,2026-01-09,10.0,20.0385,74.1158,575,4.64,0,1,9,7.5
1785,183467,Khadakmalegaon,Niphad,Nashik,Niphad AWS,2026-01-09,2026-01-09,10.0,20.1612,74.1611,572,10.0,0,1,9,7.5
1786,183469,Khangaon Tadi,Niphad,Nashik,Niphad AWS,2026-01-09,2026-01-09,10.0,19.9912,74.1242,580,9.88,0,1,9,7.5
1787,183470,Khede,Niphad,Nashik,Niphad AWS,2026-01-09,2026-01-09,10.0,20.1112,74.0431,582,8.75,0,1,9,7.5
1788,183468,Khedle Zunge,Niphad,Nashik,Niphad AWS,2026-01-09,2026-01-09,10.0,20.0531,74.3211,560,21.22,0,1,9,7.5
1789,183471,Kherwadi (Narayangaon),Niphad,Nashik,Niphad AWS,2026-01-09,2026-01-09,10.0,20.0421,74.0111,588,12.13,0,1,9,7.5
1790,183472,Kokangaon,Niphad,Nashik,Nashik AWS,2026-01-09,2026-01-09,10.0,20.0811,73.9721,590,23.0,0,1,9,7.5
1791,183473,Kolgaon,Niphad,Nashik,Niphad AWS,2026-01-09,2026-01-09,10.0,20.1412,74.1131,572,6.84,0,1,9,7.5
1792,183474,Kolwadi (Shriramnagar),Niphad,Nashik,Niphad AWS,2026-01-09,2026-01-09,10.0,20.0321,74.1431,578,5.85,0,1,9,7.5
1793,183475,Kotamgaon,Niphad,Nashik,Niphad AWS,2026-01-09,2026-01-09,10.0,20.1474,74.2051,570,11.62,0,1,9,7.5
1794,183476,Kothure,Niphad,Nashik,Niphad AWS,2026-01-09,2026-01-09,10.0,20.0461,74.0753,582,6.0,0,1,9,7.5
1795,183465,K.Sukane,Niphad,Nashik,Niphad AWS,2026-01-09,2026-01-09,10.0,20.0821,74.0321,585,9.18,0,1,9,7.5
1796,183477,Kumbhari,Niphad,Nashik,Niphad AWS,2026-01-09,2026-01-09,10.0,20.1111,74.2842,565,17.49,0,1,9,7.5
1797,183478,Kundewadi,Niphad,Nashik,Niphad AWS,2026-01-09,2026-01-09,10.0,20.1311,74.1142,575,5.71,0,1,9,7.5
1798,183478,Kundewadi,Niphad,Nashik,Niphad AWS,2026-01-09,2026-01-09,10.0,20.1311,74.1142,575,5.71,0,1,9,7.5
1799,183478,Kundewadi,Niphad,Nashik,Niphad AWS,2026-01-09,2026-01-09,10.0,20.1311,74.1142,575,5.71,0,1,9,7.5
1800,183478,Kundewadi,Niphad,Nashik,Niphad AWS,2026-01-09,2026-01-09,10.0,20.1311,74.1142,575,5.71,0,1,9,7.5
1801,183479,Kurudgaon,Niphad,Nashik,Niphad AWS,2026-05-09,2026-05-09,5.0,20.0449,74.0946,585,4.72,0,5,129,2.5
1802,183480,Lalpadi,Niphad,Nashik,Niphad AWS,2026-05-09,2026-05-09,5.0,20.0611,74.1422,578,3.13,0,5,129,2.5
1803,183481,Lasalgaon,Niphad,Nashik,Lasalgaon Circle,2026-05-09,2026-05-09,5.0,20.1426,74.2377,570,0.85,0,5,129,2.8
1804,183482,Lonwadee,Niphad,Nashik,Niphad AWS,2026-05-09,2026-05-09,5.0,20.0421,74.1411,575,4.76,0,5,129,2.5
1805,183483,Mahajanpur,Niphad,Nashik,Pimpalgaon Baswant Circle,2026-05-09,2026-05-09,5.0,20.1541,74.1611,572,18.99,0,5,129,2.5
1806,183484,Mahalsakore,Niphad,Nashik,Niphad AWS,2026-05-09,2026-05-09,5.0,20.0411,74.2142,568,10.75,0,5,129,2.5
1807,183485,Manjargaon,Niphad,Nashik,Niphad AWS,2026-05-09,2026-05-09,5.0,19.9977,74.1163,582,9.16,0,5,129,2.5
1808,183487,Maralgoi Bk,Niphad,Nashik,Niphad AWS,2026-05-09,2026-05-09,5.0,20.1611,74.1121,575,9.06,0,5,129,2.5
1809,183486,Maralgoi Kd,Niphad,Nashik,Niphad AWS,2026-05-09,2026-05-09,5.0,20.1542,74.1121,575,8.29,0,5,129,2.5
1810,183488,M.Sukane,Niphad,Nashik,Niphad AWS,2026-05-09,2026-05-09,5.0,20.0811,74.0342,580,8.96,0,5,129,2.5
1811,183489,Mukhed,Niphad,Nashik,Niphad AWS,2026-05-09,2026-05-09,5.0,20.0091,74.3224,562,22.56,0,5,129,2.5
1812,183490,Naitale,Niphad,Nashik,Niphad AWS,2026-05-09,2026-05-09,5.0,20.0689,74.1664,570,5.0,0,5,129,2.5
1813,183491,Nandgaon,Niphad,Nashik,Nandgaon AWS,2026-05-09,2026-05-09,5.0,20.3094,74.6597,520,1.01,0,5,129,1.2
1814,183494,Nandurdi,Niphad,Nashik,Niphad AWS,2026-05-09,2026-05-09,5.0,20.1242,74.1841,572,8.3,0,5,129,2.5
1815,183492,Nandur Kd,Niphad,Nashik,Niphad AWS,2026-05-09,2026-05-09,5.0,20.0128,74.1542,575,8.28,0,5,129,2.5
1816,183493,Nandur M.,Niphad,Nashik,Niphad AWS,2026-05-09,2026-05-09,5.0,20.0128,74.1542,575,8.28,0,5,129,2.5
1817,183495,Narayan T.,Niphad,Nashik,Nashik AWS,2026-05-09,2026-05-09,5.0,19.99,73.7827,600,0.28,0,5,129,3.5
1818,183496,Nimgaon V.,Niphad,Nashik,Malegaon AWS,2026-05-09,2026-05-09,5.0,19.9905,74.4238,450,62.86,0,5,129,1.2
1819,183498,Oney,Niphad,Nashik,Lasalgaon Circle,2026-05-09,2026-05-09,5.0,20.1511,74.2521,565,2.62,0,5,129,2.8
1820,183501,Pachore Bk,Niphad,Nashik,Pimpalgaon Baswant Circle,2026-05-09,2026-05-09,5.0,20.1812,74.2111,568,24.15,0,5,129,2.5
1821,183502,Pachore Kd,Niphad,Nashik,Pimpalgaon Baswant Circle,2026-05-09,2026-05-09,5.0,20.1711,74.2042,570,23.4,0,5,129,2.5
1822,183503,Pachore Vani,Niphad,Nashik,Niphad AWS,2026-05-09,2026-05-09,5.0,19.1911,74.2142,565,99.33,0,5,129,2.5
1823,183504,Palkhed,Niphad,Nashik,Pimpalgaon Baswant Circle,2026-05-09,2026-05-09,5.0,20.1531,73.9221,590,6.33,0,5,129,2.5
1824,183505,Panchakeshor,Niphad,Nashik,Nashik AWS,2026-05-09,2026-05-09,5.0,20.0412,73.9932,585,22.99,0,5,129,3.5
1825,183507,Pimpalgaon Najik,Niphad,Nashik,Niphad AWS,2026-05-09,2026-05-09,5.0,20.1411,74.1842,572,9.54,0,5,129,2.5
1826,183508,Pimpalgaon Nipani,Niphad,Nashik,Niphad AWS,2026-04-09,2026-04-09,10.0,20.1621,74.1541,575,9.8,0,4,99,4.0
1827,183509,Pimplas,Niphad,Nashik,Niphad AWS,2026-04-09,2026-04-09,10.0,20.0811,74.1121,580,0.83,0,4,99,4.0
1828,183510,Pimpri,Niphad,Nashik,Niphad AWS,2026-04-09,2026-04-09,10.0,20.0969,74.0633,582,6.21,0,4,99,4.0
1829,183512,Ranwad,Niphad,Nashik,Niphad AWS,2026-04-09,2026-04-09,10.0,20.1242,74.1911,570,8.9,0,4,99,4.0
1830,183513,Rasalpur,Niphad,Nashik,Niphad AWS,2026-04-09,2026-04-09,10.0,20.0411,74.2321,565,12.48,0,4,99,4.0
1831,183514,Raulas,Niphad,Nashik,Niphad AWS,2026-04-09,2026-04-09,10.0,20.0969,74.0633,582,6.21,0,4,99,4.0
1832,183511,Redgaon,Niphad,Nashik,Niphad AWS,2026-04-09,2026-04-09,10.0,20.1432,74.1521,575,7.79,0,4,99,4.0
1833,183515,Rui,Niphad,Nashik,Niphad AWS,2026-04-09,2026-04-09,10.0,20.0212,74.2337,562,13.56,0,4,99,4.0
1834,183520,Saikheda,Niphad,Nashik,Niphad AWS,2026-04-09,2026-04-09,10.0,20.0161,74.009,585,13.6,0,4,99,4.0
1835,183516,Sakore,Niphad,Nashik,Pimpalgaon Baswant Circle,2026-04-09,2026-04-09,10.0,20.1481,73.9426,595,4.6,0,4,99,4.0
1836,183518,Sarole Kd.,Niphad,Nashik,Niphad AWS,2026-04-09,2026-04-09,10.0,20.0121,74.0132,585,13.47,0,4,99,4.0
1837,183517,Sarole Thadi,Niphad,Nashik,Niphad AWS,2026-04-09,2026-04-09,10.0,20.0231,74.0241,582,11.85,0,4,99,4.0
1838,183519,Savargaon,Niphad,Nashik,Nashik AWS,2026-04-09,2026-04-09,10.0,20.0117,73.6779,615,10.94,0,4,99,4.0
1839,183521,Shimpi Takli,Niphad,Nashik,Niphad AWS,2026-04-09,2026-04-09,10.0,20.1111,74.2011,570,9.15,0,4,99,4.0
1840,183522,Shingve,Niphad,Nashik,Niphad AWS,2026-04-09,2026-04-09,10.0,20.1412,74.1011,585,7.09,0,4,99,4.0
1841,183523,Shirasgaon,Niphad,Nashik,Peth AWS,2026-04-09,2026-04-09,10.0,20.0898,73.3945,690,20.94,0,4,99,12.2
1842,183527,Shirvare,Niphad,Nashik,Niphad AWS,2026-04-09,2026-04-09,10.0,20.1012,74.2811,560,16.99,0,4,99,4.0
1843,183525,Shirwade Vani,Niphad,Nashik,Niphad AWS,2026-04-09,2026-04-09,10.0,20.0811,74.0521,585,7.09,0,4,99,4.0
1844,183524,Shirwade Wakad,Niphad,Nashik,Niphad AWS,2026-04-09,2026-04-09,10.0,20.0911,74.2142,568,9.91,0,4,99,4.0
1845,183526,Shivadi,Niphad,Nashik,Niphad AWS,2026-04-09,2026-04-09,10.0,20.1112,74.1142,580,3.52,0,4,99,4.0
1846,183528,Sonewadi Bk,Niphad,Nashik,Niphad AWS,2026-04-09,2026-04-09,10.0,20.1042,74.1358,575,3.16,0,4,99,4.0
1847,183529,Sonewadi Kd,Niphad,Nashik,Niphad AWS,2026-04-09,2026-04-09,10.0,20.1042,74.1358,575,3.16,0,4,99,4.0
1848,183530,Songaon,Niphad,Nashik,Niphad AWS,2026-04-09,2026-04-09,10.0,20.1241,74.0811,585,6.37,0,4,99,4.0
1849,183531,Subhasnagar,Niphad,Nashik,Niphad AWS,2026-04-09,2026-04-09,10.0,20.0431,74.0811,582,5.77,0,4,99,4.0
1850,183532,Sundarpur,Niphad,Nashik,Lasalgaon Circle,2026-04-09,2026-04-09,10.0,20.0811,74.3121,560,10.79,0,4,99,4.0
1851,183533,Takali Vinchor,Niphad,Nashik,Lasalgaon Circle,2026-03-09,2026-03-09,5.0,20.1541,74.2521,565,2.79,0,3,68,1.2
1852,183534,Talwade,Niphad,Nashik,Nandgaon AWS,2026-03-09,2026-03-09,5.0,20.3976,74.7497,510,14.24,0,3,68,2.8
1853,183535,Tamaswadi,Niphad,Nashik,Pimpalgaon Baswant Circle,2026-03-09,2026-03-09,5.0,20.1711,74.1611,570,18.9,0,3,68,1.2
1854,183536,Tarukhedle,Niphad,Nashik,Niphad AWS,2026-03-09,2026-03-09,5.0,20.0521,74.3311,560,22.27,0,3,68,1.2
1855,183537,Thergaon,Niphad,Nashik,Lasalgaon Circle,2026-03-09,2026-03-09,5.0,20.1112,74.3121,560,9.15,0,3,68,1.2
1856,183538,Thetale,Niphad,Nashik,Niphad AWS,2026-03-09,2026-03-09,5.0,20.0611,74.0242,585,10.22,0,3,68,1.2
1857,183539,Ugaon,Niphad,Nashik,Niphad AWS,2026-03-09,2026-03-09,5.0,20.1234,74.1396,578,5.24,0,3,68,1.2
1858,183540,Umberkhed,Niphad,Nashik,Pimpalgaon Baswant Circle,2026-03-09,2026-03-09,5.0,20.1555,73.9688,590,1.99,0,3,68,1.2
1859,183545,Vahegaon,Niphad,Nashik,Niphad AWS,2026-03-09,2026-03-09,5.0,20.1231,74.1141,582,4.83,0,3,68,1.2
1860,183543,Vakad,Niphad,Nashik,Lasalgaon Circle,2026-03-09,2026-03-09,5.0,20.1012,74.2211,568,4.41,0,3,68,1.2
1861,183542,Vanasgaon,Niphad,Nashik,Niphad AWS,2026-03-09,2026-03-09,5.0,20.0431,74.2842,560,17.63,0,3,68,1.2
1862,183541,Vdali Najik,Niphad,Nashik,Niphad AWS,2026-03-09,2026-03-09,5.0,20.1541,74.1841,570,10.62,0,3,68,1.2
1863,183544,Velapur,Niphad,Nashik,Niphad AWS,2026-03-09,2026-03-09,5.0,20.0211,74.3121,560,21.11,0,3,68,1.2
1864,183548,Vinchur,Niphad,Nashik,Lasalgaon Circle,2026-03-09,2026-03-09,5.0,20.1053,74.2252,565,3.89,0,3,68,1.2
1865,183549,Vishnunagar,Niphad,Nashik,Niphad AWS,2026-03-09,2026-03-09,5.0,20.0411,74.2411,565,13.37,0,3,68,1.2
1866,183547,Wavi,Niphad,Nashik,Sinnar AWS,2026-03-09,2026-03-09,5.0,19.8039,74.2489,560,28.41,0,3,68,0.8
1867,183550,Aad (B),Peth,Nashik,Peth AWS,2026-03-09,2026-03-09,5.0,20.2111,73.5411,680,6.09,0,3,68,8.5
1868,183551,Adgaon (B),Peth,Nashik,Peth AWS,2026-03-09,2026-03-09,5.0,20.0251,73.413,710,26.61,0,3,68,8.5
1869,183553,Ambe,Peth,Nashik,Peth AWS,2026-03-09,2026-03-09,5.0,20.3776,73.5084,690,14.22,0,3,68,8.5
1870,183552,Amloan,Peth,Nashik,Peth AWS,2026-03-09,2026-03-09,5.0,20.3122,73.5111,695,7.01,0,3,68,8.5
1871,183554,Andhrute,Peth,Nashik,Peth AWS,2026-03-09,2026-03-09,5.0,20.2411,73.5242,685,2.71,0,3,68,8.5
1872,183555,Asarbari,Peth,Nashik,Peth AWS,2026-03-09,2026-03-09,5.0,20.1811,73.4922,720,7.7,0,3,68,8.5
1873,183556,Badgi,Peth,Nashik,Peth AWS,2026-03-09,2026-03-09,5.0,20.2511,73.5822,665,8.58,0,3,68,8.5
1874,183557,Bhaygaon,Peth,Nashik,Peth AWS,2026-03-09,2026-03-09,5.0,20.1993,73.5837,670,10.39,0,3,68,8.5
1875,183558,Bhuvan,Peth,Nashik,Peth AWS,2026-03-09,2026-03-09,5.0,20.2811,73.5042,690,3.49,0,3,68,8.5
1876,183559,Borvat,Peth,Nashik,Peth AWS,2026-02-09,2026-02-09,8.0,20.3011,73.5511,685,7.79,0,2,40,5.6
1877,183560,Cholmukh,Peth,Nashik,Peth AWS,2026-02-09,2026-02-09,8.0,20.3142,73.5821,670,11.15,0,2,40,5.6
1878,183561,Deogaon,Peth,Nashik,Peth AWS,2026-02-09,2026-02-09,8.0,20.2111,73.5242,690,5.01,0,2,40,5.6
1879,183562,Devichamal,Peth,Nashik,Peth AWS,2026-02-09,2026-02-09,8.0,20.3211,73.5642,675,10.36,0,2,40,5.6
1880,183563,Dhanpada,Peth,Nashik,Peth AWS,2026-02-09,2026-02-09,8.0,20.2911,73.5911,665,10.54,0,2,40,5.6
1881,183565,Dhondmal,Peth,Nashik,Peth AWS,2026-02-09,2026-02-09,8.0,20.2111,73.5111,710,4.48,0,2,40,5.6
1882,183566,Dolharmal,Peth,Nashik,Peth AWS,2026-02-09,2026-02-09,8.0,20.1911,73.4911,725,6.61,0,2,40,5.6
1883,183567,Donawade,Peth,Nashik,Peth AWS,2026-02-09,2026-02-09,8.0,20.3411,73.5411,690,11.0,0,2,40,5.6
1884,183568,Ekdare,Peth,Nashik,Peth AWS,2026-02-09,2026-02-09,8.0,20.2111,73.5111,710,4.48,0,2,40,5.6
1885,183569,Gangodbari,Peth,Nashik,Peth AWS,2026-02-09,2026-02-09,8.0,20.2411,73.5222,690,2.52,0,2,40,5.6
1886,183570,Gavandha,Peth,Nashik,Peth AWS,2026-02-09,2026-02-09,8.0,20.2811,73.5411,685,5.51,0,2,40,5.6
1887,183564,Ghanshet,Peth,Nashik,Peth AWS,2026-02-09,2026-02-09,8.0,20.3122,73.5522,680,8.8,0,2,40,5.6
1888,183571,Gonde,Peth,Nashik,Peth AWS,2026-02-09,2026-02-09,8.0,20.3211,73.5111,700,7.99,0,2,40,5.6
1889,183572,Hanumannager,Peth,Nashik,Peth AWS,2026-02-09,2026-02-09,8.0,20.3511,73.5422,685,12.07,0,2,40,5.6
1890,183573,Hanumantpada,Peth,Nashik,Peth AWS,2026-02-09,2026-02-09,8.0,20.2111,73.4911,730,4.42,0,2,40,5.6
1891,183574,Harangaon,Peth,Nashik,Peth AWS,2026-02-09,2026-02-09,8.0,20.2411,73.5111,700,1.52,0,2,40,5.6
1892,183575,Hatrundi,Peth,Nashik,Peth AWS,2026-02-09,2026-02-09,8.0,20.2811,73.5842,665,9.44,0,2,40,5.6
1893,183576,Jale,Peth,Nashik,Peth AWS,2026-02-09,2026-02-09,8.0,20.2838,73.5038,695,3.78,0,2,40,5.6
1894,183577,Jambhulmal,Peth,Nashik,Peth AWS,2026-02-09,2026-02-09,8.0,20.3122,73.5411,685,8.14,0,2,40,5.6
1895,183578,Jambvihir,Peth,Nashik,Peth AWS,2026-02-09,2026-02-09,8.0,20.3411,73.5111,705,10.2,0,2,40,5.6
1896,183579,Jogmodi,Peth,Nashik,Peth AWS,2026-02-09,2026-02-09,8.0,20.3264,73.5681,672,11.07,0,2,40,5.6
1897,183580,Junothi,Peth,Nashik,Peth AWS,2026-02-09,2026-02-09,8.0,20.2111,73.4922,730,4.4,0,2,40,5.6
1898,183581,Kahandolpada,Peth,Nashik,Peth AWS,2026-02-09,2026-02-09,8.0,20.2411,73.5411,690,4.4,0,2,40,5.6
1899,183582,Kalambari,Peth,Nashik,Peth AWS,2026-02-09,2026-02-09,8.0,20.2811,73.5642,680,7.54,0,2,40,5.6
1900,183583,Kapurne,Peth,Nashik,Peth AWS,2026-02-09,2026-02-09,8.0,20.3122,73.5111,700,7.01,0,2,40,5.6
1901,183584,Karanjali,Peth,Nashik,Peth AWS,2026-04-09,2026-04-09,15.0,20.2467,73.5845,680,8.82,0,4,99,12.4
1902,183585,Karanjkhed,Peth,Nashik,Peth AWS,2026-04-09,2026-04-09,15.0,20.2541,73.5822,685,8.59,0,4,99,12.4
1903,183586,Kayre,Peth,Nashik,Peth AWS,2026-04-09,2026-04-09,15.0,20.2811,73.5411,700,5.51,0,4,99,12.4
1904,259862,Kharpadi,Peth,Nashik,Peth AWS,2026-04-09,2026-04-09,15.0,20.1857,73.4305,715,10.18,0,4,99,12.4
1905,183587,Khirkide,Peth,Nashik,Peth AWS,2026-04-09,2026-04-09,15.0,20.3122,73.5511,690,8.73,0,4,99,12.4
1906,183588,Khokartale,Peth,Nashik,Peth AWS,2026-04-09,2026-04-09,15.0,20.2411,73.5242,690,2.71,0,4,99,12.4
1907,183589,Kohor,Peth,Nashik,Peth AWS,2026-04-09,2026-04-09,15.0,20.1789,73.5919,670,12.43,0,4,99,12.4
1908,183590,Kopurli (B),Peth,Nashik,Peth AWS,2026-04-09,2026-04-09,15.0,20.3144,73.5499,685,8.85,0,4,99,12.4
1909,183591,Kopurli (Kh),Peth,Nashik,Peth AWS,2026-04-09,2026-04-09,15.0,20.3144,73.5499,685,8.85,0,4,99,12.4
1910,183592,Kotambi,Peth,Nashik,Peth AWS,2026-04-09,2026-04-09,15.0,20.1811,73.4922,725,7.7,0,4,99,12.4
1911,183593,Kulwandi,Peth,Nashik,Peth AWS,2026-04-09,2026-04-09,15.0,20.1382,73.5361,695,12.99,0,4,99,12.4
1912,183594,Kumbhale,Peth,Nashik,Peth AWS,2026-04-09,2026-04-09,15.0,20.2511,73.5822,685,8.58,0,4,99,12.4
1913,183595,Kumbharbari,Peth,Nashik,Peth AWS,2026-04-09,2026-04-09,15.0,20.3122,73.5111,705,7.01,0,4,99,12.4
1914,183596,Lingawane,Peth,Nashik,Peth AWS,2026-04-09,2026-04-09,15.0,20.2411,73.5242,690,2.71,0,4,99,12.4
1915,183597,Malegaon,Peth,Nashik,Peth AWS,2026-04-09,2026-04-09,15.0,20.2511,73.5822,685,8.58,0,4,99,12.4
1916,183598,Mangone,Peth,Nashik,Peth AWS,2026-04-09,2026-04-09,15.0,20.2811,73.5411,700,5.51,0,4,99,12.4
1917,183599,Mankapur,Peth,Nashik,Peth AWS,2026-04-09,2026-04-09,15.0,20.3122,73.5511,690,8.73,0,4,99,12.4
1918,183600,Mhasgan,Peth,Nashik,Peth AWS,2026-04-09,2026-04-09,15.0,20.2111,73.5242,690,5.01,0,4,99,12.4
1919,183601,Nachalondhi,Peth,Nashik,Peth AWS,2026-04-09,2026-04-09,15.0,20.3142,73.5821,680,11.15,0,4,99,12.4
1920,183602,Nirgude,Peth,Nashik,Peth AWS,2026-04-09,2026-04-09,15.0,20.2111,73.5242,690,5.01,0,4,99,12.4
1921,183603,Pahuchibari,Peth,Nashik,Peth AWS,2026-04-09,2026-04-09,15.0,20.2511,73.5822,685,8.58,0,4,99,12.4
1922,183604,Pate,Peth,Nashik,Peth AWS,2026-04-09,2026-04-09,15.0,20.2811,73.5411,700,5.51,0,4,99,12.4
1923,183606,Pimpalwati,Peth,Nashik,Peth AWS,2026-04-09,2026-04-09,15.0,20.3122,73.5511,690,8.73,0,4,99,12.4
1924,183607,Rajbari,Peth,Nashik,Peth AWS,2026-04-09,2026-04-09,15.0,20.3411,73.5111,705,10.2,0,4,99,12.4
1925,183608,Ranvihir,Peth,Nashik,Peth AWS,2026-04-09,2026-04-09,15.0,20.2111,73.5111,710,4.48,0,4,99,12.4
1926,183609,Ruipetha,Peth,Nashik,Peth AWS,2026-04-09,2026-04-09,15.0,20.3122,73.5411,690,8.14,0,4,99,12.4
1927,183610,Savalghat,Peth,Nashik,Peth AWS,2026-04-09,2026-04-09,15.0,20.1911,73.4911,725,6.61,0,4,99,12.4
1928,183612,Shevkhandi,Peth,Nashik,Peth AWS,2026-04-09,2026-04-09,15.0,20.3411,73.5411,695,11.0,0,4,99,12.4
1929,183613,Shinde,Peth,Nashik,Peth AWS,2026-04-09,2026-04-09,15.0,20.2111,73.5111,710,4.48,0,4,99,12.4
1930,183611,Shingadari,Peth,Nashik,Peth AWS,2026-04-09,2026-04-09,15.0,20.2411,73.5222,690,2.52,0,4,99,12.4
1931,183614,Shivshet,Peth,Nashik,Peth AWS,2026-04-09,2026-04-09,15.0,20.2811,73.5411,700,5.51,0,4,99,12.4
1932,183615,Surgane,Peth,Nashik,Peth AWS,2026-04-09,2026-04-09,15.0,20.3187,73.5144,710,7.79,0,4,99,12.4
1933,183616,Tirde,Peth,Nashik,Peth AWS,2026-04-09,2026-04-09,15.0,20.3122,73.5522,680,8.8,0,4,99,12.4
1934,183617,Tondwal,Peth,Nashik,Peth AWS,2026-04-09,2026-04-09,15.0,20.3211,73.5111,700,7.99,0,4,99,12.4
1935,183619,Umbarpada (Kh),Peth,Nashik,Peth AWS,2026-04-09,2026-04-09,15.0,20.3511,73.5422,690,12.07,0,4,99,12.4
1936,183618,Umberdahad,Peth,Nashik,Peth AWS,2026-04-09,2026-04-09,15.0,20.2111,73.4911,730,4.42,0,4,99,12.4
1937,183620,Umbrad,Peth,Nashik,Peth AWS,2026-04-09,2026-04-09,15.0,20.2411,73.5111,700,1.52,0,4,99,12.4
1938,183621,Usthale,Peth,Nashik,Peth AWS,2026-04-09,2026-04-09,15.0,20.2811,73.5842,665,9.44,0,4,99,12.4
1939,183622,Wangani,Peth,Nashik,Peth AWS,2026-04-09,2026-04-09,15.0,20.2411,73.5222,690,2.52,0,4,99,12.4
1940,183623,Adwadi,Sinnar,Nashik,Sinnar AWS,2026-04-09,2026-04-09,10.0,19.8511,74.0242,612,4.78,0,4,99,8.6
1941,183624,Agaskhind,Sinnar,Nashik,Sinnar AWS,2026-04-09,2026-04-09,10.0,19.9421,74.0411,610,13.03,0,4,99,8.6
1942,183625,Ashapur,Sinnar,Nashik,Sinnar AWS,2026-04-09,2026-04-09,10.0,19.8822,74.0111,615,5.71,0,4,99,8.6
1943,183626,Atkawade,Sinnar,Nashik,Sinnar AWS,2026-04-09,2026-04-09,10.0,19.8211,73.9542,630,3.42,0,4,99,8.6
1944,183627,Aundhewadi,Sinnar,Nashik,Sinnar AWS,2026-04-09,2026-04-09,10.0,19.765,73.8446,645,16.44,0,4,99,8.6
1945,183628,Baragaon Pimpri,Sinnar,Nashik,Sinnar AWS,2026-04-09,2026-04-09,10.0,19.9057,74.0567,605,10.85,0,4,99,8.6
1946,183629,Belu,Sinnar,Nashik,Sinnar AWS,2026-04-09,2026-04-09,10.0,19.9211,74.0842,600,14.14,0,4,99,8.6
1947,237291,Bharatpur,Sinnar,Nashik,Sinnar AWS,2026-04-09,2026-04-09,10.0,19.8412,74.1432,595,17.07,0,4,99,8.6
1948,183630,Bhatwadi,Sinnar,Nashik,Sinnar AWS,2026-04-09,2026-04-09,10.0,19.8112,74.2531,585,28.75,0,4,99,8.6
1949,183631,Bhokani,Sinnar,Nashik,Sinnar AWS,2026-04-09,2026-04-09,10.0,19.7912,74.1132,605,14.95,0,4,99,8.6
1950,183632,Borkhind,Sinnar,Nashik,Sinnar AWS,2026-04-09,2026-04-09,10.0,19.7909,73.8611,640,13.58,0,4,99,8.6
1951,183633,Bramhanwade,Sinnar,Nashik,Sinnar AWS,2026-04-09,2026-04-09,10.0,19.9239,73.9295,620,10.72,0,4,99,8.6
1952,183634,Chandrapur Kh.,Sinnar,Nashik,Sinnar AWS,2026-04-09,2026-04-09,10.0,19.8541,74.2342,585,26.63,0,4,99,8.6
1953,183635,Chapadgaon,Sinnar,Nashik,Sinnar AWS,2026-04-09,2026-04-09,10.0,20.0127,74.0911,595,22.44,0,4,99,8.6
1954,183636,Chass,Sinnar,Nashik,Sinnar AWS,2026-04-09,2026-04-09,10.0,19.7178,74.1338,615,21.06,0,4,99,8.6
1955,183637,Chincholi,Sinnar,Nashik,Sinnar AWS,2026-04-09,2026-04-09,10.0,19.8976,73.9094,625,9.77,0,4,99,8.6
1956,183638,Chondhi,Sinnar,Nashik,Sinnar AWS,2026-04-09,2026-04-09,10.0,19.8212,74.2211,585,25.31,0,4,99,8.6
1957,183639,Dahiwadi,Sinnar,Nashik,Sinnar AWS,2026-04-09,2026-04-09,10.0,19.8212,74.0411,605,6.72,0,4,99,8.6
1958,183643,Dapur,Sinnar,Nashik,Sinnar AWS,2026-04-09,2026-04-09,10.0,19.7405,74.0538,612,13.49,0,4,99,8.6
1959,183641,Datali,Sinnar,Nashik,Sinnar AWS,2026-04-09,2026-04-09,10.0,19.8131,73.9142,635,7.5,0,4,99,8.6
1960,183642,Dattanagar (Dapur),Sinnar,Nashik,Sinnar AWS,2026-04-09,2026-04-09,10.0,19.7412,74.0511,612,13.27,0,4,99,8.6
1961,183640,Deopur,Sinnar,Nashik,Sinnar AWS,2026-04-09,2026-04-09,10.0,19.8312,74.2811,585,31.51,0,4,99,8.6
1962,183644,Deshwandi,Sinnar,Nashik,Sinnar AWS,2026-04-09,2026-04-09,10.0,19.8412,74.2422,588,27.42,0,4,99,8.6
1963,183645,Dharangaon,Sinnar,Nashik,Sinnar AWS,2026-04-09,2026-04-09,10.0,19.8276,74.2615,585,29.48,0,4,99,8.6
1964,183646,Dhondbar,Sinnar,Nashik,Sinnar AWS,2026-04-09,2026-04-09,10.0,19.7595,73.8773,655,13.98,0,4,99,8.6
1965,183647,Dhondvirnagar,Sinnar,Nashik,Sinnar AWS,2026-04-09,2026-04-09,10.0,19.8181,74.1132,605,14.14,0,4,99,8.6
1966,183648,Dhulwad,Sinnar,Nashik,Sinnar AWS,2026-04-09,2026-04-09,10.0,19.7209,74.0141,625,13.72,0,4,99,8.6
1967,183649,Dodi Bk.,Sinnar,Nashik,Sinnar AWS,2026-04-09,2026-04-09,10.0,19.7531,74.1211,612,17.64,0,4,99,8.6
1968,183650,Dodi Kh.,Sinnar,Nashik,Sinnar AWS,2026-04-09,2026-04-09,10.0,19.7541,74.1242,612,17.86,0,4,99,8.6
1969,183651,Dubere,Sinnar,Nashik,Sinnar AWS,2026-04-09,2026-04-09,10.0,19.7813,73.9747,630,6.55,0,4,99,8.6
1970,237294,Duberewadi (Krushnanagar),Sinnar,Nashik,Sinnar AWS,2026-04-09,2026-04-09,10.0,19.7812,73.9621,635,6.8,0,4,99,8.6
1971,183652,Dusingpur,Sinnar,Nashik,Sinnar AWS,2026-04-09,2026-04-09,10.0,19.8412,73.9621,625,1.88,0,4,99,8.6
1972,183701,Fulenagar,Sinnar,Nashik,Sinnar AWS,2026-04-09,2026-04-09,10.0,19.8134,74.0531,612,8.2,0,4,99,8.6
1973,183653,Ghorwad,Sinnar,Nashik,Sinnar AWS,2026-04-09,2026-04-09,10.0,19.8414,74.1658,592,19.43,0,4,99,8.6
1974,237292,Ghotewadi,Sinnar,Nashik,Sinnar AWS,2026-04-09,2026-04-09,10.0,19.8211,74.3121,580,34.8,0,4,99,8.6
1975,183654,Gonde,Sinnar,Nashik,Sinnar AWS,2026-04-09,2026-04-09,10.0,19.8342,74.1921,590,22.19,0,4,99,8.6
1976,183655,Gulwanchi,Sinnar,Nashik,Sinnar AWS,2026-04-09,2026-04-09,10.0,19.8811,74.0842,600,11.82,0,4,99,8.6
1977,183656,Harsule,Sinnar,Nashik,Sinnar AWS,2026-04-09,2026-04-09,10.0,19.8321,73.9431,635,3.96,0,4,99,8.6
1978,183657,Hivare,Sinnar,Nashik,Sinnar AWS,2026-04-09,2026-04-09,10.0,19.8412,74.3021,580,33.69,0,4,99,8.6
1979,183658,Hivargaon,Sinnar,Nashik,Sinnar AWS,2026-04-09,2026-04-09,10.0,19.8648,74.112,605,14.08,0,4,99,8.6
1980,183659,Jamgaon,Sinnar,Nashik,Sinnar AWS,2026-04-09,2026-04-09,10.0,19.8521,74.2412,588,27.35,0,4,99,8.6
1981,237297,Jaygaon,Sinnar,Nashik,Sinnar AWS,2026-04-09,2026-04-09,10.0,19.8663,74.2731,585,30.79,0,4,99,8.6
1982,183660,Jogaltembhi,Sinnar,Nashik,Sinnar AWS,2026-04-09,2026-04-09,10.0,19.816,74.0739,605,10.18,0,4,99,8.6
1983,183662,Kankori,Sinnar,Nashik,Sinnar AWS,2026-04-09,2026-04-09,10.0,19.7566,74.1743,608,22.34,0,4,99,8.6
1984,183663,Karwadi,Sinnar,Nashik,Sinnar AWS,2026-04-09,2026-04-09,10.0,19.8111,74.0812,602,11.06,0,4,99,8.6
1985,183664,Kasarwadi,Sinnar,Nashik,Sinnar AWS,2026-04-09,2026-04-09,10.0,19.8415,74.0302,612,5.25,0,4,99,8.6
1986,183661,Ke. Pa. Nagar,Sinnar,Nashik,Sinnar AWS,2026-04-09,2026-04-09,10.0,19.8385,74.1158,602,14.21,0,4,99,8.6
1987,183665,Khadangali,Sinnar,Nashik,Sinnar AWS,2026-04-09,2026-04-09,10.0,19.8612,74.1611,595,19.09,0,4,99,8.6
1988,183666,Khambale,Sinnar,Nashik,Sinnar AWS,2026-04-09,2026-04-09,10.0,19.9548,73.9521,622,13.09,0,4,99,8.6
1989,183667,Khopadi Kh.,Sinnar,Nashik,Sinnar AWS,2026-04-09,2026-04-09,10.0,19.8112,74.0431,612,7.34,0,4,99,8.6
1990,183668,Kirtangali,Sinnar,Nashik,Sinnar AWS,2026-04-09,2026-04-09,10.0,19.8531,74.3211,578,35.71,0,4,99,8.6
1991,183669,Kolgaonmal,Sinnar,Nashik,Sinnar AWS,2026-04-09,2026-04-09,10.0,19.8421,74.0111,615,3.26,0,4,99,8.6
1992,183670,Komalwadi,Sinnar,Nashik,Sinnar AWS,2026-04-09,2026-04-09,10.0,19.8811,73.9721,628,4.64,0,4,99,8.6
1993,183671,Konambe,Sinnar,Nashik,Sinnar AWS,2026-04-09,2026-04-09,10.0,19.778,73.9185,645,9.43,0,4,99,8.6
1994,183672,Kundewadi,Sinnar,Nashik,Sinnar AWS,2026-04-09,2026-04-09,10.0,19.8412,74.1131,598,13.92,0,4,99,8.6
1995,183673,Maldhon,Sinnar,Nashik,Sinnar AWS,2026-04-09,2026-04-09,10.0,19.8321,74.1431,592,17.08,0,4,99,8.6
1996,183674,Malegaon,Sinnar,Nashik,Sinnar AWS,2026-04-09,2026-04-09,10.0,19.8718,73.9767,622,3.55,0,4,99,8.6
1997,183675,Manegaon,Sinnar,Nashik,Sinnar AWS,2026-04-09,2026-04-09,10.0,19.8461,74.0753,605,9.99,0,4,99,8.6
1998,183676,Manori,Sinnar,Nashik,Sinnar AWS,2026-04-09,2026-04-09,10.0,19.8821,74.0321,612,7.18,0,4,99,8.6
1999,183677,Marhal Bk.,Sinnar,Nashik,Sinnar AWS,2026-04-09,2026-04-09,10.0,19.7352,74.1494,615,21.21,0,4,99,8.6
2000,183678,Marhal Kh.,Sinnar,Nashik,Sinnar AWS,2026-04-09,2026-04-09,10.0,19.7352,74.1494,615,21.21,0,4,99,8.6
2001,183679,Mendhi,Sinnar,Nashik,Sinnar AWS,2026-05-09,2026-05-09,5.0,19.8111,74.2842,605,31.98,0,5,129,4.2
2002,183680,Mirgaon,Sinnar,Nashik,Sinnar AWS,2026-05-09,2026-05-09,5.0,19.8311,74.1142,612,14.07,0,5,129,4.2
2003,183681,Mithsagare,Sinnar,Nashik,Sinnar AWS,2026-05-09,2026-05-09,5.0,19.8449,74.0946,615,12.0,0,5,129,4.2
2004,183682,Mohu,Sinnar,Nashik,Sinnar AWS,2026-05-09,2026-05-09,5.0,19.8611,74.1422,610,17.13,0,5,129,4.2
2005,183683,Musalgaon,Sinnar,Nashik,Sinnar AWS,2026-05-09,2026-05-09,5.0,19.8347,74.0536,618,7.72,0,5,129,4.2
2006,183684,Naigaon,Sinnar,Nashik,Sinnar AWS,2026-05-09,2026-05-09,5.0,19.8421,74.1411,612,16.85,0,5,129,4.2
2007,183685,Nalwadi,Sinnar,Nashik,Sinnar AWS,2026-05-09,2026-05-09,5.0,19.8541,74.1611,608,19.01,0,5,129,4.2
2008,183686,Nandur Shingote,Sinnar,Nashik,Sinnar AWS,2026-05-09,2026-05-09,5.0,19.721,74.1351,620,20.94,0,5,129,4.2
2009,183687,Nimgaon (Deopur),Sinnar,Nashik,Sinnar AWS,2026-05-09,2026-05-09,5.0,19.8411,74.2142,602,24.5,0,5,129,4.2
2010,183688,Nimgaon (Sinnar),Sinnar,Nashik,Sinnar AWS,2026-05-09,2026-05-09,5.0,19.8973,74.1623,615,20.1,0,5,129,4.2
2011,183689,Nirhale Fattepur,Sinnar,Nashik,Sinnar AWS,2026-05-09,2026-05-09,5.0,19.8511,74.2321,605,26.4,0,5,129,4.2
2012,183690,Padali,Sinnar,Nashik,Sinnar AWS,2026-05-09,2026-05-09,5.0,19.7015,73.9585,625,15.56,0,5,129,4.2
2013,183691,Panchale,Sinnar,Nashik,Sinnar AWS,2026-05-09,2026-05-09,5.0,19.876,74.2162,600,25.02,0,5,129,4.2
2014,183692,Pandhurli,Sinnar,Nashik,Sinnar AWS,2026-05-09,2026-05-09,5.0,19.83,73.8549,635,13.13,0,5,129,4.2
2015,183693,Pangari Bk.,Sinnar,Nashik,Sinnar AWS,2026-05-09,2026-05-09,5.0,19.8432,74.1521,612,18.0,0,5,129,4.2
2016,183694,Pangari Kh.,Sinnar,Nashik,Sinnar AWS,2026-05-09,2026-05-09,5.0,19.8212,74.2337,605,26.62,0,5,129,4.2
2017,183695,Paste,Sinnar,Nashik,Sinnar AWS,2026-05-09,2026-05-09,5.0,19.8161,74.009,615,4.03,0,5,129,4.2
2018,183696,Pathare Bk.,Sinnar,Nashik,Sinnar AWS,2026-05-09,2026-05-09,5.0,19.8481,73.9426,622,4.01,0,5,129,4.2
2019,183697,Pathare Kh.,Sinnar,Nashik,Sinnar AWS,2026-05-09,2026-05-09,5.0,19.8121,74.0132,618,4.66,0,5,129,4.2
2020,183698,Patole,Sinnar,Nashik,Sinnar AWS,2026-05-09,2026-05-09,5.0,19.8231,74.0241,615,4.98,0,5,129,4.2
2021,183699,Patpimpri,Sinnar,Nashik,Sinnar AWS,2026-05-09,2026-05-09,5.0,19.9206,74.0539,595,11.83,0,5,129,4.2
2022,183700,Phardapur,Sinnar,Nashik,Sinnar AWS,2026-05-09,2026-05-09,5.0,19.8111,74.2011,605,23.35,0,5,129,4.2
2023,183702,Pimpale,Sinnar,Nashik,Sinnar AWS,2026-05-09,2026-05-09,5.0,19.705,74.0044,635,15.23,0,5,129,4.2
2024,183703,Pimpalgaon,Sinnar,Nashik,Sinnar AWS,2026-05-09,2026-05-09,5.0,19.8412,74.1011,612,12.67,0,5,129,4.2
2025,183704,Pimparwadi,Sinnar,Nashik,Sinnar AWS,2026-05-09,2026-05-09,5.0,19.8411,74.1011,612,12.67,0,5,129,4.2
2026,183705,Ramnagar,Sinnar,Nashik,Sinnar AWS,2026-05-09,2026-05-09,5.0,19.8111,74.2811,605,31.66,0,5,129,4.2
2027,237295,Rampur,Sinnar,Nashik,Sinnar AWS,2026-05-09,2026-05-09,5.0,19.8012,74.2811,605,31.79,0,5,129,4.2
2028,183706,Sangavi,Sinnar,Nashik,Sinnar AWS,2026-05-09,2026-05-09,5.0,19.872,73.9447,625,5.13,0,5,129,4.2
2029,183707,Saradwadi,Sinnar,Nashik,Sinnar AWS,2026-05-09,2026-05-09,5.0,19.8011,74.0521,612,8.69,0,5,129,4.2
2030,183708,Savatamali Nagar,Sinnar,Nashik,Sinnar AWS,2026-05-09,2026-05-09,5.0,19.8911,74.2142,598,25.14,0,5,129,4.2
2031,183709,Sayale,Sinnar,Nashik,Sinnar AWS,2026-05-09,2026-05-09,5.0,19.8112,74.1142,610,14.4,0,5,129,4.2
2032,183710,Shaha,Sinnar,Nashik,Sinnar AWS,2026-05-09,2026-05-09,5.0,19.8042,74.1358,605,16.78,0,5,129,4.2
2033,237296,Shastrinagar,Sinnar,Nashik,Sinnar AWS,2026-05-09,2026-05-09,5.0,19.8042,74.1358,605,16.78,0,5,129,4.2
2034,183711,Shivade,Sinnar,Nashik,Sinnar AWS,2026-05-09,2026-05-09,5.0,19.7988,73.8808,645,11.34,0,5,129,4.2
2035,183712,Shivaji Nagar (Dapur),Sinnar,Nashik,Sinnar AWS,2026-05-09,2026-05-09,5.0,19.7241,74.0811,612,16.67,0,5,129,4.2
2036,237293,Shivajinagar (Kahandalwadi),Sinnar,Nashik,Sinnar AWS,2026-05-09,2026-05-09,5.0,19.8431,74.0811,602,10.58,0,5,129,4.2
2037,183713,Shrirampur (Shindewadi),Sinnar,Nashik,Sinnar AWS,2026-05-09,2026-05-09,5.0,19.8811,74.3121,585,35.03,0,5,129,4.2
2038,183714,Somthane,Sinnar,Nashik,Sinnar AWS,2026-05-09,2026-05-09,5.0,19.9549,74.2258,590,28.7,0,5,129,4.2
2039,183716,Sonambe,Sinnar,Nashik,Sinnar AWS,2026-05-09,2026-05-09,5.0,19.8541,74.2521,592,28.5,0,5,129,4.2
2040,183717,Sonari,Sinnar,Nashik,Sinnar AWS,2026-05-09,2026-05-09,5.0,19.8976,74.7498,570,80.76,0,5,129,4.2
2041,183718,Sonewadi,Sinnar,Nashik,Sinnar AWS,2026-05-09,2026-05-09,5.0,19.8711,74.1611,605,19.25,0,5,129,4.2
2042,183715,Songiri,Sinnar,Nashik,Sinnar AWS,2026-05-09,2026-05-09,5.0,19.8521,74.3311,580,36.75,0,5,129,4.2
2043,183719,Sulewadi,Sinnar,Nashik,Sinnar AWS,2026-05-09,2026-05-09,5.0,19.8112,74.3121,585,34.89,0,5,129,4.2
2044,183720,Suregaon,Sinnar,Nashik,Sinnar AWS,2026-05-09,2026-05-09,5.0,19.8611,74.0242,612,5.18,0,5,129,4.2
2045,183721,Thangaon,Sinnar,Nashik,Sinnar AWS,2026-05-09,2026-05-09,5.0,19.6949,73.9337,648,16.85,0,5,129,4.2
2046,183722,Ujjani,Sinnar,Nashik,Sinnar AWS,2026-05-09,2026-05-09,5.0,19.8234,74.1396,605,16.8,0,5,129,4.2
2047,183724,Vadangali,Sinnar,Nashik,Sinnar AWS,2026-05-09,2026-05-09,5.0,19.9343,74.1556,590,21.14,0,5,129,4.2
2048,183726,Vadgaon (Pingala),Sinnar,Nashik,Sinnar AWS,2026-05-09,2026-05-09,5.0,19.8555,73.9688,628,2.08,0,5,129,4.2
2049,183727,Vadgaon (Sinnar),Sinnar,Nashik,Sinnar AWS,2026-05-09,2026-05-09,5.0,19.8231,74.1141,612,14.15,0,5,129,4.2
2050,183725,Vadzire,Sinnar,Nashik,Sinnar AWS,2026-05-09,2026-05-09,5.0,19.8012,74.2211,605,25.59,0,5,129,4.2
2051,183728,Varegaon,Sinnar,Nashik,Sinnar AWS,2026-05-09,2026-05-09,5.0,19.8431,74.2842,598,31.82,0,5,129,4.2
2052,183723,Vinchur Dalavi,Sinnar,Nashik,Sinnar AWS,2026-05-09,2026-05-09,5.0,19.8541,74.1841,605,21.4,0,5,129,4.2
2053,183729,Wavi,Sinnar,Nashik,Sinnar AWS,2026-05-09,2026-05-09,5.0,19.8034,74.249,600,28.43,0,5,129,4.2
2054,183730,Alangun,Surgana,Nashik,Surgana AWS,2026-05-09,2026-05-09,15.0,20.4541,73.5822,612,3.39,0,5,129,12.8
2055,183731,Ambatha,Surgana,Nashik,Surgana AWS,2026-05-09,2026-05-09,15.0,20.4811,73.5411,645,7.28,0,5,129,12.8
2056,183732,Ambode,Surgana,Nashik,Surgana AWS,2026-05-09,2026-05-09,15.0,20.5122,73.5511,635,7.72,0,5,129,12.8
2057,183735,Barhe,Surgana,Nashik,Surgana AWS,2026-05-09,2026-05-09,15.0,20.4344,73.5236,670,9.83,0,5,129,12.8
2058,183733,Bedase,Surgana,Nashik,Surgana AWS,2026-05-09,2026-05-09,15.0,20.4411,73.5242,665,9.5,0,5,129,12.8
2059,183734,Bhadar,Surgana,Nashik,Surgana AWS,2026-05-09,2026-05-09,15.0,20.3511,73.5522,690,14.53,0,5,129,12.8
2060,183737,Bhavandagad,Surgana,Nashik,Surgana AWS,2026-05-09,2026-05-09,15.0,20.5811,73.5919,625,12.5,0,5,129,12.8
2061,183736,Bhawade,Surgana,Nashik,Surgana AWS,2026-05-09,2026-05-09,15.0,20.5144,73.5499,638,7.97,0,5,129,12.8
2062,183738,Bhormal,Surgana,Nashik,Surgana AWS,2026-05-09,2026-05-09,15.0,20.5144,73.5499,638,7.97,0,5,129,12.8
2063,183739,Biwal,Surgana,Nashik,Surgana AWS,2026-05-09,2026-05-09,15.0,20.3811,73.4922,710,15.76,0,5,129,12.8
2064,183740,Borgaon,Surgana,Nashik,Surgana AWS,2026-05-09,2026-05-09,15.0,20.5084,73.7534,580,15.53,0,5,129,12.8
2065,183741,Bubali,Surgana,Nashik,Surgana AWS,2026-05-09,2026-05-09,15.0,20.4511,73.5822,612,3.58,0,5,129,12.8
2066,183742,Chikadi,Surgana,Nashik,Surgana AWS,2026-05-09,2026-05-09,15.0,20.5122,73.5111,655,11.32,0,5,129,12.8
2067,183743,Chinchpada,Surgana,Nashik,Surgana AWS,2026-05-09,2026-05-09,15.0,20.4411,73.5242,670,9.5,0,5,129,12.8
2068,183744,Dangrale,Surgana,Nashik,Surgana AWS,2026-05-09,2026-05-09,15.0,20.4511,73.5822,612,3.58,0,5,129,12.8
2069,183745,Dolhare,Surgana,Nashik,Surgana AWS,2026-05-09,2026-05-09,15.0,20.4811,73.5411,645,7.28,0,5,129,12.8
2070,183746,Ghodambe,Surgana,Nashik,Surgana AWS,2026-05-09,2026-05-09,15.0,20.5122,73.5511,635,7.72,0,5,129,12.8
2071,183747,Gondune,Surgana,Nashik,Surgana AWS,2026-05-09,2026-05-09,15.0,20.4111,73.5242,680,11.08,0,5,129,12.8
2072,272879,Harantekdi,Surgana,Nashik,Surgana AWS,2026-05-09,2026-05-09,15.0,20.5142,73.5821,615,5.71,0,5,129,12.8
2073,183748,Haste,Surgana,Nashik,Surgana AWS,2026-05-09,2026-05-09,15.0,20.4111,73.5242,680,11.08,0,5,129,12.8
2074,183749,Hatgad,Surgana,Nashik,Surgana AWS,2026-05-09,2026-05-09,15.0,20.5391,73.757,560,17.13,0,5,129,12.8
2075,183750,Hatrundi,Surgana,Nashik,Surgana AWS,2026-05-09,2026-05-09,15.0,20.4511,73.5822,612,3.58,0,5,129,12.8
2076,183751,Hatti,Surgana,Nashik,Surgana AWS,2026-05-09,2026-05-09,15.0,20.4811,73.5411,645,7.28,0,5,129,12.8
2077,183752,Hemadpada,Surgana,Nashik,Surgana AWS,2026-05-09,2026-05-09,15.0,20.5122,73.5511,635,7.72,0,5,129,12.8
2078,183753,Jahule,Surgana,Nashik,Surgana AWS,2026-05-09,2026-05-09,15.0,20.4411,73.5111,690,10.79,0,5,129,12.8
2079,183754,Kalamne,Surgana,Nashik,Surgana AWS,2026-05-09,2026-05-09,15.0,20.5411,73.5411,625,10.68,0,5,129,12.8
2080,183755,Karanjul Su,Surgana,Nashik,Surgana AWS,2026-05-09,2026-05-09,15.0,20.4111,73.5111,710,12.21,0,5,129,12.8
2081,183756,Kathipada,Surgana,Nashik,Surgana AWS,2026-05-09,2026-05-09,15.0,20.5122,73.5411,635,8.57,0,5,129,12.8
2082,183757,Khirdi,Surgana,Nashik,Surgana AWS,2026-05-09,2026-05-09,15.0,20.3785,73.424,720,21.89,0,5,129,12.8
2083,183758,Khobalama,Surgana,Nashik,Surgana AWS,2026-05-09,2026-05-09,15.0,20.4111,73.5222,680,11.25,0,5,129,12.8
2084,183759,Khokari,Surgana,Nashik,Surgana AWS,2026-05-09,2026-05-09,15.0,20.4811,73.5411,645,7.28,0,5,129,12.8
2085,183760,Khuntvihir,Surgana,Nashik,Surgana AWS,2026-05-09,2026-05-09,15.0,20.5122,73.5144,650,11.01,0,5,129,12.8
2086,183761,Kothula,Surgana,Nashik,Surgana AWS,2026-05-09,2026-05-09,15.0,20.5122,73.5522,635,7.63,0,5,129,12.8
2087,183763,Kukudmundha,Surgana,Nashik,Surgana AWS,2026-05-09,2026-05-09,15.0,20.5211,73.5111,660,11.76,0,5,129,12.8
2088,183762,Kukudne,Surgana,Nashik,Surgana AWS,2026-05-09,2026-05-09,15.0,20.6541,73.4459,612,26.66,0,5,129,12.8
2089,272335,Ladgaon,Surgana,Nashik,Surgana AWS,2026-05-09,2026-05-09,15.0,20.5511,73.5422,620,11.45,0,5,129,12.8
2090,183765,Malegaon,Surgana,Nashik,Surgana AWS,2026-05-09,2026-05-09,15.0,20.5111,73.6111,605,4.57,0,5,129,12.8
2091,183766,Malgawhan,Surgana,Nashik,Surgana AWS,2026-05-09,2026-05-09,15.0,20.4411,73.5111,690,10.79,0,5,129,12.8
2092,183767,Mandha,Surgana,Nashik,Surgana AWS,2026-05-09,2026-05-09,15.0,20.5811,73.5842,625,12.64,0,5,129,12.8
2093,183768,Mangadhe,Surgana,Nashik,Surgana AWS,2026-05-09,2026-05-09,15.0,20.5838,73.5038,618,16.81,0,5,129,12.8
2094,183769,Mani,Surgana,Nashik,Surgana AWS,2026-05-09,2026-05-09,15.0,20.4991,73.6056,612,3.27,0,5,129,12.8
2095,183770,Mankhed,Surgana,Nashik,Surgana AWS,2026-05-09,2026-05-09,15.0,20.4362,73.5964,655,4.02,0,5,129,12.8
2096,183764,Mhaishadak,Surgana,Nashik,Surgana AWS,2026-05-09,2026-05-09,15.0,20.5264,73.5681,622,7.64,0,5,129,12.8
2097,272878,Mohpada,Surgana,Nashik,Peth AWS,2026-05-09,2026-05-09,15.0,20.3042,73.5407,745,7.37,0,5,129,8.5
2098,183771,Nagshevadi,Surgana,Nashik,Surgana AWS,2026-05-09,2026-05-09,15.0,20.4111,73.4922,710,13.91,0,5,129,12.8
2099,183772,Palsan,Surgana,Nashik,Surgana AWS,2026-05-09,2026-05-09,15.0,20.5016,73.5393,645,8.16,0,5,129,12.8
2100,183773,Pohali,Surgana,Nashik,Surgana AWS,2026-05-09,2026-05-09,15.0,20.4411,73.5411,665,7.86,0,5,129,12.8
2101,183774,Pratapgad,Surgana,Nashik,Surgana AWS,2026-05-09,2026-05-09,10.0,20.4811,73.5642,605,4.93,0,5,129,12.0
2102,183775,Ragatvihir,Surgana,Nashik,Surgana AWS,2026-05-09,2026-05-09,10.0,20.3541,73.5012,680,17.17,0,5,129,12.0
2103,183776,Rahude,Surgana,Nashik,Surgana AWS,2026-05-09,2026-05-09,10.0,20.3212,73.4854,695,21.03,0,5,129,12.0
2104,183777,Rasha,Surgana,Nashik,Surgana AWS,2026-05-09,2026-05-09,10.0,20.3811,73.5122,685,14.2,0,5,129,12.0
2105,183778,Rokadpada,Surgana,Nashik,Surgana AWS,2026-05-09,2026-05-09,10.0,20.4122,73.5411,670,9.64,0,5,129,12.0
2106,183779,Rongane,Surgana,Nashik,Surgana AWS,2026-05-09,2026-05-09,10.0,20.3755,73.5388,682,12.86,0,5,129,12.0
2107,183780,Sajole,Surgana,Nashik,Surgana AWS,2026-05-09,2026-05-09,10.0,20.3822,73.5451,675,11.88,0,5,129,12.0
2108,183781,Sarad,Surgana,Nashik,Surgana AWS,2026-05-09,2026-05-09,10.0,20.4011,73.5122,690,12.75,0,5,129,12.0
2109,183782,Shinde,Surgana,Nashik,Surgana AWS,2026-05-09,2026-05-09,10.0,20.4411,73.5522,665,6.83,0,5,129,12.0
2110,183784,Thangaon,Surgana,Nashik,Surgana AWS,2026-05-09,2026-05-09,10.0,20.4022,73.5042,695,13.36,0,5,129,12.0
2111,183785,Umberpada(D),Surgana,Nashik,Surgana AWS,2026-05-09,2026-05-09,10.0,20.4511,73.5222,660,9.39,0,5,129,12.0
2112,183786,Umberthan,Surgana,Nashik,Surgana AWS,2026-05-09,2026-05-09,10.0,20.5122,73.5411,640,8.57,0,5,129,12.0
2113,272752,Vaghdhond,Surgana,Nashik,Surgana AWS,2026-05-09,2026-05-09,10.0,20.4511,73.5522,655,6.38,0,5,129,12.0
2114,183787,Varambhe,Trimbak,Nashik,Trimbakeshwar AWS,2026-05-09,2026-05-09,15.0,20.4111,73.5111,685,53.53,0,5,129,18.5
2115,183788,Alwand,Trimbak,Nashik,Trimbakeshwar AWS,2026-05-09,2026-05-09,15.0,20.0111,73.4522,615,12.14,0,5,129,18.5
2116,183789,Ambai,Trimbak,Nashik,Trimbakeshwar AWS,2026-05-09,2026-05-09,15.0,19.9733,73.4719,630,7.75,0,5,129,18.5
2117,183790,Amboli,Trimbak,Nashik,Trimbakeshwar AWS,2026-05-09,2026-05-09,15.0,19.8865,73.65,590,13.45,0,5,129,18.5
2118,183791,Anjaneri,Trimbak,Nashik,Trimbakeshwar AWS,2026-05-09,2026-05-09,15.0,19.946,73.5868,670,6.2,0,5,129,18.5
2119,183792,Aswalihirsha,Trimbak,Nashik,Trimbakeshwar AWS,2026-05-09,2026-05-09,15.0,19.9211,73.4822,650,5.09,0,5,129,18.5
2120,183793,Avhate,Trimbak,Nashik,Trimbakeshwar AWS,2026-05-09,2026-05-09,15.0,19.9822,73.5122,645,6.1,0,5,129,18.5
2121,183794,Bafanvihir,Trimbak,Nashik,Trimbakeshwar AWS,2026-05-09,2026-05-09,15.0,19.9111,73.4811,640,5.53,0,5,129,18.5
2122,183798,Bbhootmokhada,Trimbak,Nashik,Trimbakeshwar AWS,2026-05-09,2026-05-09,15.0,19.8911,73.5122,625,4.71,0,5,129,18.5
2123,183795,Berval,Trimbak,Nashik,Trimbakeshwar AWS,2026-05-09,2026-05-09,15.0,19.9211,73.4411,612,9.35,0,5,129,18.5
2124,183796,Beze,Trimbak,Nashik,Trimbakeshwar AWS,2026-05-09,2026-05-09,15.0,19.9411,73.5122,620,2.23,0,5,129,18.5
2125,183797,Bhagohol,Trimbak,Nashik,Trimbakeshwar AWS,2026-05-09,2026-05-09,15.0,19.9511,73.4211,605,11.62,0,5,129,18.5
2126,183799,Bramhanwade,Trimbak,Nashik,Trimbakeshwar AWS,2026-04-09,2026-04-09,18.0,19.9811,73.4511,645,10.01,0,4,99,22.0
2127,183800,Chinchohol,Trimbak,Nashik,Trimbakeshwar AWS,2026-04-09,2026-04-09,18.0,19.9522,73.4811,655,5.68,0,4,99,22.0
2128,183801,Chinchvad,Trimbak,Nashik,Trimbakeshwar AWS,2026-04-09,2026-04-09,18.0,19.9411,73.4711,630,6.28,0,4,99,22.0
2129,183802,Dalpatpur,Trimbak,Nashik,Trimbakeshwar AWS,2026-04-09,2026-04-09,18.0,19.9311,73.4511,640,8.25,0,4,99,22.0
2130,183803,Deodongra,Trimbak,Nashik,Trimbakeshwar AWS,2026-04-09,2026-04-09,18.0,19.9511,73.4111,618,12.65,0,4,99,22.0
2131,183806,Deodongri,Trimbak,Nashik,Trimbakeshwar AWS,2026-04-09,2026-04-09,18.0,19.9611,73.4211,612,11.9,0,4,99,22.0
2132,183805,Deola,Trimbak,Nashik,Trimbakeshwar AWS,2026-04-09,2026-04-09,18.0,19.9111,73.4511,635,8.51,0,4,99,22.0
2133,183804,Devgaon,Trimbak,Nashik,Trimbakeshwar AWS,2026-04-09,2026-04-09,18.0,19.8281,73.4598,665,13.5,0,4,99,22.0
2134,183807,Dhumodi,Trimbak,Nashik,Trimbakeshwar AWS,2026-04-09,2026-04-09,18.0,19.9122,73.4211,608,11.56,0,4,99,22.0
2135,183808,Gadvadane,Trimbak,Nashik,Trimbakeshwar AWS,2026-04-09,2026-04-09,18.0,19.9511,73.4011,612,13.68,0,4,99,22.0
2136,183809,Ganeshgaon (W),Trimbak,Nashik,Trimbakeshwar AWS,2026-04-09,2026-04-09,18.0,19.9222,73.5111,622,2.16,0,4,99,22.0
2137,183810,Gavatha,Trimbak,Nashik,Trimbakeshwar AWS,2026-04-09,2026-04-09,18.0,19.9811,73.4111,605,13.66,0,4,99,22.0
2138,301095,Godhadyachapada,Trimbak,Nashik,Trimbakeshwar AWS,2026-04-09,2026-04-09,18.0,20.0211,73.4511,638,13.06,0,4,99,22.0
2139,183811,Goldari,Trimbak,Nashik,Trimbakeshwar AWS,2026-04-09,2026-04-09,18.0,19.9811,73.4811,655,7.64,0,4,99,22.0
2140,183812,Harsul,Trimbak,Nashik,Trimbakeshwar AWS,2026-04-09,2026-04-09,18.0,20.1154,73.4533,612,22.12,0,4,99,22.0
2141,183813,Hatlondhi,Trimbak,Nashik,Trimbakeshwar AWS,2026-04-09,2026-04-09,18.0,19.9911,73.4411,625,11.51,0,4,99,22.0
2142,183814,Birdi,Trimbak,Nashik,Trimbakeshwar AWS,2026-04-09,2026-04-09,18.0,19.9622,73.4011,602,13.94,0,4,99,22.0
2143,183815,Holdar Nagar,Trimbak,Nashik,Trimbakeshwar AWS,2026-04-09,2026-04-09,18.0,19.9311,73.4811,645,5.11,0,4,99,22.0
2144,183816,Jategaon Bk,Trimbak,Nashik,Trimbakeshwar AWS,2026-04-09,2026-04-09,18.0,19.9237,73.6484,590,12.4,0,4,99,22.0
2145,183817,Jategaon Khd,Trimbak,Nashik,Trimbakeshwar AWS,2026-04-09,2026-04-09,18.0,19.9122,73.6511,588,12.81,0,4,99,22.0
2146,183818,Kachurli,Trimbak,Nashik,Trimbakeshwar AWS,2026-04-09,2026-04-09,18.0,19.9477,73.4924,642,4.4,0,4,99,22.0
2147,183819,Kalmuste(H),Trimbak,Nashik,Trimbakeshwar AWS,2026-04-09,2026-04-09,18.0,19.9265,73.461,630,7.22,0,4,99,22.0
2148,183820,Kalmuste (T),Trimbak,Nashik,Trimbakeshwar AWS,2026-04-09,2026-04-09,18.0,19.9265,73.461,630,7.22,0,4,99,22.0
2149,183821,Khadakohol,Trimbak,Nashik,Trimbakeshwar AWS,2026-04-09,2026-04-09,18.0,19.9411,73.4011,605,13.53,0,4,99,22.0
2150,183826,Khairaipali,Trimbak,Nashik,Trimbakeshwar AWS,2026-04-09,2026-04-09,18.0,19.9522,73.4211,608,11.65,0,4,99,22.0
2151,183822,Khambale,Trimbak,Nashik,Trimbakeshwar AWS,2026-03-09,2026-03-09,12.0,19.9548,73.6321,595,11.02,0,3,68,12.4
2152,183823,Kharoli,Trimbak,Nashik,Trimbakeshwar AWS,2026-03-09,2026-03-09,12.0,19.9111,73.4411,612,9.53,0,3,68,12.4
2153,183824,Kharset,Trimbak,Nashik,Harsul AWS,2026-03-09,2026-03-09,12.0,20.176,73.3945,625,8.51,0,3,68,12.4
2154,183825,Kharwal,Trimbak,Nashik,Trimbakeshwar AWS,2026-03-09,2026-03-09,12.0,20.0623,73.4352,638,17.74,0,3,68,12.4
2155,183827,Kone,Trimbak,Nashik,Trimbakeshwar AWS,2026-03-09,2026-03-09,12.0,19.9511,73.5111,635,3.07,0,3,68,12.4
2156,183828,Kotambi (H),Trimbak,Nashik,Trimbakeshwar AWS,2026-03-09,2026-03-09,12.0,19.9811,73.4211,612,12.72,0,3,68,12.4
2157,183829,Mahadeonagar,Trimbak,Nashik,Trimbakeshwar AWS,2026-03-09,2026-03-09,12.0,19.9211,73.4811,642,5.21,0,3,68,12.4
2158,183830,Malegaon,Trimbak,Nashik,Trimbakeshwar AWS,2026-03-09,2026-03-09,12.0,19.9411,73.5511,625,2.53,0,3,68,12.4
2159,183831,Met Chandryachi,Trimbak,Nashik,Trimbakeshwar AWS,2026-03-09,2026-03-09,12.0,20.0111,73.4511,630,12.22,0,3,68,12.4
2160,183832,Metgharkilla,Trimbak,Nashik,Trimbakeshwar AWS,2026-03-09,2026-03-09,12.0,20.0211,73.4711,635,11.85,0,3,68,12.4
2161,183833,Mulegaon,Trimbak,Nashik,Trimbakeshwar AWS,2026-03-09,2026-03-09,12.0,19.9023,73.6092,615,8.83,0,3,68,12.4
2162,183834,Mulwad,Trimbak,Nashik,Trimbakeshwar AWS,2026-03-09,2026-03-09,12.0,19.9422,73.4511,625,8.36,0,3,68,12.4
2163,183835,Murambi,Trimbak,Nashik,Trimbakeshwar AWS,2026-03-09,2026-03-09,12.0,19.8509,73.6435,595,14.77,0,3,68,12.4
2164,183836,Nandgaon (K),Trimbak,Nashik,Trimbakeshwar AWS,2026-03-09,2026-03-09,12.0,19.9411,73.4111,610,12.49,0,3,68,12.4
2165,183837,Nirgude,Trimbak,Nashik,Nashik AWS,2026-03-09,2026-03-09,12.0,19.9754,73.8417,585,6.65,0,3,68,3.8
2166,183838,Ozarkhed,Trimbak,Nashik,Trimbakeshwar AWS,2026-03-09,2026-03-09,12.0,19.9111,73.4211,615,11.58,0,3,68,12.4
2167,183839,Pahine,Trimbak,Nashik,Trimbakeshwar AWS,2026-03-09,2026-03-09,12.0,19.8993,73.5527,630,4.16,0,3,68,12.4
2168,183840,Pegalwadi (N),Trimbak,Nashik,Trimbakeshwar AWS,2026-03-09,2026-03-09,12.0,19.9393,73.5537,655,2.68,0,3,68,12.4
2169,183841,Pegalwadi (T),Trimbak,Nashik,Trimbakeshwar AWS,2026-03-09,2026-03-09,12.0,19.9393,73.5537,655,2.68,0,3,68,12.4
2170,183842,Pimplad (T),Trimbak,Nashik,Trimbakeshwar AWS,2026-03-09,2026-03-09,12.0,19.9648,73.5284,648,3.87,0,3,68,12.4
2171,183843,Pimpri (T),Trimbak,Nashik,Trimbakeshwar AWS,2026-03-09,2026-03-09,12.0,19.9411,73.5111,645,2.33,0,3,68,12.4
2172,183844,Raite,Trimbak,Nashik,Trimbakeshwar AWS,2026-03-09,2026-03-09,12.0,19.9311,73.5222,655,0.82,0,3,68,12.4
2173,183845,Rohile,Trimbak,Nashik,Trimbakeshwar AWS,2026-03-09,2026-03-09,12.0,20.0527,73.5533,610,13.86,0,3,68,12.4
2174,183846,Samundi,Trimbak,Nashik,Trimbakeshwar AWS,2026-03-09,2026-03-09,12.0,19.8788,73.5025,648,6.38,0,3,68,12.4
2175,183847,Sapatpali,Trimbak,Nashik,Trimbakeshwar AWS,2026-03-09,2026-03-09,12.0,19.9122,73.5122,655,2.72,0,3,68,12.4
2176,183848,Sapgaon,Trimbak,Nashik,Trimbakeshwar AWS,2026-02-09,2026-02-09,20.0,19.9411,73.5511,625,2.53,0,2,40,25.0
2177,183849,Sapte,Trimbak,Nashik,Trimbakeshwar AWS,2026-02-09,2026-02-09,20.0,19.9111,73.5822,605,5.85,0,2,40,25.0
2178,183850,Saraste,Trimbak,Nashik,Harsul AWS,2026-02-09,2026-02-09,20.0,20.123,73.5022,612,5.46,0,2,40,25.0
2179,183851,Shirasgaon (H),Trimbak,Nashik,Trimbakeshwar AWS,2026-02-09,2026-02-09,20.0,19.9511,73.4811,635,5.62,0,2,40,25.0
2180,183852,Shirasgaon (T),Trimbak,Nashik,Trimbakeshwar AWS,2026-02-09,2026-02-09,20.0,19.9511,73.4811,635,5.62,0,2,40,25.0
2181,183853,Shivajinagar,Trimbak,Nashik,Trimbakeshwar AWS,2026-02-09,2026-02-09,20.0,20.0111,73.4511,622,12.22,0,2,40,25.0
2182,183854,Somnathnagar,Trimbak,Nashik,Trimbakeshwar AWS,2026-02-09,2026-02-09,20.0,19.9211,73.4111,618,12.47,0,2,40,25.0
2183,183855,Takedeogaon,Trimbak,Nashik,Trimbakeshwar AWS,2026-02-09,2026-02-09,20.0,20.0311,73.4511,628,13.94,0,2,40,25.0
2184,183857,Takeharsh,Trimbak,Nashik,Trimbakeshwar AWS,2026-02-09,2026-02-09,20.0,20.0211,73.4211,642,15.24,0,2,40,25.0
2185,183856,Talegaon (T),Trimbak,Nashik,Nashik AWS,2026-02-09,2026-02-09,20.0,19.9477,73.647,585,14.67,0,2,40,18.0
2186,183858,Talwade (T),Trimbak,Nashik,Trimbakeshwar AWS,2026-02-09,2026-02-09,20.0,19.9611,73.5122,638,3.93,0,2,40,25.0
2187,183859,Thanapada,Trimbak,Nashik,Harsul AWS,2026-02-09,2026-02-09,20.0,20.1266,73.3998,612,5.29,0,2,40,25.0
2188,183860,Torangan (H),Trimbak,Nashik,Trimbakeshwar AWS,2026-02-09,2026-02-09,20.0,19.999,73.4332,618,12.7,0,2,40,25.0
2189,183861,Torangan (T),Trimbak,Nashik,Trimbakeshwar AWS,2026-02-09,2026-02-09,20.0,19.999,73.4332,618,12.7,0,2,40,25.0
2190,183862,Vadholi,Trimbak,Nashik,Trimbakeshwar AWS,2026-02-09,2026-02-09,20.0,19.9377,73.61,602,8.41,0,2,40,25.0
2191,183863,Vaghera,Trimbak,Nashik,Trimbakeshwar AWS,2026-02-09,2026-02-09,20.0,20.0327,73.4791,655,12.6,0,2,40,25.0
2192,183864,Varasvihar,Trimbak,Nashik,Trimbakeshwar AWS,2026-02-09,2026-02-09,20.0,19.9511,73.5111,635,3.07,0,2,40,25.0
2193,183865,Vaviharsh,Trimbak,Nashik,Trimbakeshwar AWS,2026-02-09,2026-02-09,20.0,19.9811,73.4211,612,12.72,0,2,40,25.0
2194,183867,Vaygholpada,Trimbak,Nashik,Trimbakeshwar AWS,2026-02-09,2026-02-09,20.0,19.9611,73.4211,612,11.9,0,2,40,25.0
2195,183866,Vele,Trimbak,Nashik,Harsul AWS,2026-02-09,2026-02-09,20.0,20.0954,73.5481,595,10.6,0,2,40,25.0
2196,183868,Velunje,Trimbak,Nashik,Trimbakeshwar AWS,2026-02-09,2026-02-09,20.0,19.9122,73.5511,645,2.96,0,2,40,25.0
2197,238131,Vijaynagar,Trimbak,Nashik,Trimbakeshwar AWS,2026-02-09,2026-02-09,20.0,19.9311,73.4511,635,8.25,0,2,40,25.0
2198,183869,Zarwad Bk,Trimbak,Nashik,Trimbakeshwar AWS,2026-02-09,2026-02-09,20.0,19.9811,73.4211,612,12.72,0,2,40,25.0
2199,183870,Zarwad Khd,Trimbak,Nashik,Trimbakeshwar AWS,2026-02-09,2026-02-09,20.0,19.9722,73.4111,612,13.28,0,2,40,25.0
2200,183871,Adgaon Chothava,Yeola,Nashik,Yeola AWS,2026-02-09,2026-02-09,5.0,20.1511,74.4511,530,13.0,0,2,40,6.5
2201,183774,Pratapgad,Surgana,Nashik,Surgana AWS,2026-05-09,2026-05-09,10.0,20.4811,73.5642,605,4.93,0,5,129,12.0
2202,183775,Ragatvihir,Surgana,Nashik,Surgana AWS,2026-05-09,2026-05-09,10.0,20.3541,73.5012,680,17.17,0,5,129,12.0
2203,183776,Rahude,Surgana,Nashik,Surgana AWS,2026-05-09,2026-05-09,10.0,20.3212,73.4854,695,21.03,0,5,129,12.0
2204,183777,Rasha,Surgana,Nashik,Surgana AWS,2026-05-09,2026-05-09,10.0,20.3811,73.5122,685,14.2,0,5,129,12.0
2205,183778,Rokadpada,Surgana,Nashik,Surgana AWS,2026-05-09,2026-05-09,10.0,20.4122,73.5411,670,9.64,0,5,129,12.0
2206,183779,Rongane,Surgana,Nashik,Surgana AWS,2026-05-09,2026-05-09,10.0,20.3755,73.5388,682,12.86,0,5,129,12.0
2207,183780,Sajole,Surgana,Nashik,Surgana AWS,2026-05-09,2026-05-09,10.0,20.3822,73.5451,675,11.88,0,5,129,12.0
2208,183781,Sarad,Surgana,Nashik,Surgana AWS,2026-05-09,2026-05-09,10.0,20.4011,73.5122,690,12.75,0,5,129,12.0
2209,183782,Shinde,Surgana,Nashik,Surgana AWS,2026-05-09,2026-05-09,10.0,20.4411,73.5522,665,6.83,0,5,129,12.0
2210,183784,Thangaon,Surgana,Nashik,Surgana AWS,2026-05-09,2026-05-09,10.0,20.4022,73.5042,695,13.36,0,5,129,12.0
2211,183785,Umberpada(D),Surgana,Nashik,Surgana AWS,2026-05-09,2026-05-09,10.0,20.4511,73.5222,660,9.39,0,5,129,12.0
2212,183786,Umberthan,Surgana,Nashik,Surgana AWS,2026-05-09,2026-05-09,10.0,20.5122,73.5411,640,8.57,0,5,129,12.0
2213,272752,Vaghdhond,Surgana,Nashik,Surgana AWS,2026-05-09,2026-05-09,10.0,20.4511,73.5522,655,6.38,0,5,129,12.0
2214,183787,Varambhe,Trimbak,Nashik,Trimbakeshwar AWS,2026-05-09,2026-05-09,15.0,20.4111,73.5111,685,53.53,0,5,129,18.5
2215,183788,Alwand,Trimbak,Nashik,Trimbakeshwar AWS,2026-05-09,2026-05-09,15.0,20.0111,73.4522,615,12.14,0,5,129,18.5
2216,183789,Ambai,Trimbak,Nashik,Trimbakeshwar AWS,2026-05-09,2026-05-09,15.0,19.9733,73.4719,630,7.75,0,5,129,18.5
2217,183790,Amboli,Trimbak,Nashik,Trimbakeshwar AWS,2026-05-09,2026-05-09,15.0,19.8865,73.65,590,13.45,0,5,129,18.5
2218,183791,Anjaneri,Trimbak,Nashik,Trimbakeshwar AWS,2026-05-09,2026-05-09,15.0,19.946,73.5868,670,6.2,0,5,129,18.5
2219,183792,Aswalihirsha,Trimbak,Nashik,Trimbakeshwar AWS,2026-05-09,2026-05-09,15.0,19.9211,73.4822,650,5.09,0,5,129,18.5
2220,183793,Avhate,Trimbak,Nashik,Trimbakeshwar AWS,2026-05-09,2026-05-09,15.0,19.9822,73.5122,645,6.1,0,5,129,18.5
2221,183794,Bafanvihir,Trimbak,Nashik,Trimbakeshwar AWS,2026-05-09,2026-05-09,15.0,19.9111,73.4811,640,5.53,0,5,129,18.5
2222,183798,Bbhootmokhada,Trimbak,Nashik,Trimbakeshwar AWS,2026-05-09,2026-05-09,15.0,19.8911,73.5122,625,4.71,0,5,129,18.5
2223,183795,Berval,Trimbak,Nashik,Trimbakeshwar AWS,2026-05-09,2026-05-09,15.0,19.9211,73.4411,612,9.35,0,5,129,18.5
2224,183796,Beze,Trimbak,Nashik,Trimbakeshwar AWS,2026-05-09,2026-05-09,15.0,19.9411,73.5122,620,2.23,0,5,129,18.5
2225,183797,Bhagohol,Trimbak,Nashik,Trimbakeshwar AWS,2026-05-09,2026-05-09,15.0,19.9511,73.4211,605,11.62,0,5,129,18.5
2226,183799,Bramhanwade,Trimbak,Nashik,Trimbakeshwar AWS,2026-04-09,2026-04-09,18.0,19.9811,73.4511,645,10.01,0,4,99,22.0
2227,183800,Chinchohol,Trimbak,Nashik,Trimbakeshwar AWS,2026-04-09,2026-04-09,18.0,19.9522,73.4811,655,5.68,0,4,99,22.0
2228,183801,Chinchvad,Trimbak,Nashik,Trimbakeshwar AWS,2026-04-09,2026-04-09,18.0,19.9411,73.4711,630,6.28,0,4,99,22.0
2229,183802,Dalpatpur,Trimbak,Nashik,Trimbakeshwar AWS,2026-04-09,2026-04-09,18.0,19.9311,73.4511,640,8.25,0,4,99,22.0
2230,183803,Deodongra,Trimbak,Nashik,Trimbakeshwar AWS,2026-04-09,2026-04-09,18.0,19.9511,73.4111,618,12.65,0,4,99,22.0
2231,183806,Deodongri,Trimbak,Nashik,Trimbakeshwar AWS,2026-04-09,2026-04-09,18.0,19.9611,73.4211,612,11.9,0,4,99,22.0
2232,183805,Deola,Trimbak,Nashik,Trimbakeshwar AWS,2026-04-09,2026-04-09,18.0,19.9111,73.4511,635,8.51,0,4,99,22.0
2233,183804,Devgaon,Trimbak,Nashik,Trimbakeshwar AWS,2026-04-09,2026-04-09,18.0,19.8281,73.4598,665,13.5,0,4,99,22.0
2234,183807,Dhumodi,Trimbak,Nashik,Trimbakeshwar AWS,2026-04-09,2026-04-09,18.0,19.9122,73.4211,608,11.56,0,4,99,22.0
2235,183808,Gadvadane,Trimbak,Nashik,Trimbakeshwar AWS,2026-04-09,2026-04-09,18.0,19.9511,73.4011,612,13.68,0,4,99,22.0
2236,183809,Ganeshgaon (W),Trimbak,Nashik,Trimbakeshwar AWS,2026-04-09,2026-04-09,18.0,19.9222,73.5111,622,2.16,0,4,99,22.0
2237,183810,Gavatha,Trimbak,Nashik,Trimbakeshwar AWS,2026-04-09,2026-04-09,18.0,19.9811,73.4111,605,13.66,0,4,99,22.0
2238,301095,Godhadyachapada,Trimbak,Nashik,Trimbakeshwar AWS,2026-04-09,2026-04-09,18.0,20.0211,73.4511,638,13.06,0,4,99,22.0
2239,183811,Goldari,Trimbak,Nashik,Trimbakeshwar AWS,2026-04-09,2026-04-09,18.0,19.9811,73.4811,655,7.64,0,4,99,22.0
2240,183812,Harsul,Trimbak,Nashik,Trimbakeshwar AWS,2026-04-09,2026-04-09,18.0,20.1154,73.4533,612,22.12,0,4,99,22.0
2241,183813,Hatlondhi,Trimbak,Nashik,Trimbakeshwar AWS,2026-04-09,2026-04-09,18.0,19.9911,73.4411,625,11.51,0,4,99,22.0
2242,183814,Birdi,Trimbak,Nashik,Trimbakeshwar AWS,2026-04-09,2026-04-09,18.0,19.9622,73.4011,602,13.94,0,4,99,22.0
2243,183815,Holdar Nagar,Trimbak,Nashik,Trimbakeshwar AWS,2026-04-09,2026-04-09,18.0,19.9311,73.4811,645,5.11,0,4,99,22.0
2244,183816,Jategaon Bk,Trimbak,Nashik,Trimbakeshwar AWS,2026-04-09,2026-04-09,18.0,19.9237,73.6484,590,12.4,0,4,99,22.0
2245,183817,Jategaon Khd,Trimbak,Nashik,Trimbakeshwar AWS,2026-04-09,2026-04-09,18.0,19.9122,73.6511,588,12.81,0,4,99,22.0
2246,183818,Kachurli,Trimbak,Nashik,Trimbakeshwar AWS,2026-04-09,2026-04-09,18.0,19.9477,73.4924,642,4.4,0,4,99,22.0
2247,183819,Kalmuste(H),Trimbak,Nashik,Trimbakeshwar AWS,2026-04-09,2026-04-09,18.0,19.9265,73.461,630,7.22,0,4,99,22.0
2248,183820,Kalmuste (T),Trimbak,Nashik,Trimbakeshwar AWS,2026-04-09,2026-04-09,18.0,19.9265,73.461,630,7.22,0,4,99,22.0
2249,183821,Khadakohol,Trimbak,Nashik,Trimbakeshwar AWS,2026-04-09,2026-04-09,18.0,19.9411,73.4011,605,13.53,0,4,99,22.0
2250,183826,Khairaipali,Trimbak,Nashik,Trimbakeshwar AWS,2026-04-09,2026-04-09,18.0,19.9522,73.4211,608,11.65,0,4,99,22.0
2251,183822,Khambale,Trimbak,Nashik,Trimbakeshwar AWS,2026-03-09,2026-03-09,12.0,19.9548,73.6321,595,11.02,0,3,68,12.4
2252,183823,Kharoli,Trimbak,Nashik,Trimbakeshwar AWS,2026-03-09,2026-03-09,12.0,19.9111,73.4411,612,9.53,0,3,68,12.4
2253,183824,Kharset,Trimbak,Nashik,Harsul AWS,2026-03-09,2026-03-09,12.0,20.176,73.3945,625,8.51,0,3,68,12.4
2254,183825,Kharwal,Trimbak,Nashik,Trimbakeshwar AWS,2026-03-09,2026-03-09,12.0,20.0623,73.4352,638,17.74,0,3,68,12.4
2255,183827,Kone,Trimbak,Nashik,Trimbakeshwar AWS,2026-03-09,2026-03-09,12.0,19.9511,73.5111,635,3.07,0,3,68,12.4
2256,183828,Kotambi (H),Trimbak,Nashik,Trimbakeshwar AWS,2026-03-09,2026-03-09,12.0,19.9811,73.4211,612,12.72,0,3,68,12.4
2257,183829,Mahadeonagar,Trimbak,Nashik,Trimbakeshwar AWS,2026-03-09,2026-03-09,12.0,19.9211,73.4811,642,5.21,0,3,68,12.4
2258,183830,Malegaon,Trimbak,Nashik,Trimbakeshwar AWS,2026-03-09,2026-03-09,12.0,19.9411,73.5511,625,2.53,0,3,68,12.4
2259,183831,Met Chandryachi,Trimbak,Nashik,Trimbakeshwar AWS,2026-03-09,2026-03-09,12.0,20.0111,73.4511,630,12.22,0,3,68,12.4
2260,183832,Metgharkilla,Trimbak,Nashik,Trimbakeshwar AWS,2026-03-09,2026-03-09,12.0,20.0211,73.4711,635,11.85,0,3,68,12.4
2261,183833,Mulegaon,Trimbak,Nashik,Trimbakeshwar AWS,2026-03-09,2026-03-09,12.0,19.9023,73.6092,615,8.83,0,3,68,12.4
2262,183834,Mulwad,Trimbak,Nashik,Trimbakeshwar AWS,2026-03-09,2026-03-09,12.0,19.9422,73.4511,625,8.36,0,3,68,12.4
2263,183835,Murambi,Trimbak,Nashik,Trimbakeshwar AWS,2026-03-09,2026-03-09,12.0,19.8509,73.6435,595,14.77,0,3,68,12.4
2264,183836,Nandgaon (K),Trimbak,Nashik,Trimbakeshwar AWS,2026-03-09,2026-03-09,12.0,19.9411,73.4111,610,12.49,0,3,68,12.4
2265,183837,Nirgude,Trimbak,Nashik,Nashik AWS,2026-03-09,2026-03-09,12.0,19.9754,73.8417,585,6.65,0,3,68,3.8
2266,183838,Ozarkhed,Trimbak,Nashik,Trimbakeshwar AWS,2026-03-09,2026-03-09,12.0,19.9111,73.4211,615,11.58,0,3,68,12.4
2267,183839,Pahine,Trimbak,Nashik,Trimbakeshwar AWS,2026-03-09,2026-03-09,12.0,19.8993,73.5527,630,4.16,0,3,68,12.4
2268,183840,Pegalwadi (N),Trimbak,Nashik,Trimbakeshwar AWS,2026-03-09,2026-03-09,12.0,19.9393,73.5537,655,2.68,0,3,68,12.4
2269,183841,Pegalwadi (T),Trimbak,Nashik,Trimbakeshwar AWS,2026-03-09,2026-03-09,12.0,19.9393,73.5537,655,2.68,0,3,68,12.4
2270,183842,Pimplad (T),Trimbak,Nashik,Trimbakeshwar AWS,2026-03-09,2026-03-09,12.0,19.9648,73.5284,648,3.87,0,3,68,12.4
2271,183843,Pimpri (T),Trimbak,Nashik,Trimbakeshwar AWS,2026-03-09,2026-03-09,12.0,19.9411,73.5111,645,2.33,0,3,68,12.4
2272,183844,Raite,Trimbak,Nashik,Trimbakeshwar AWS,2026-03-09,2026-03-09,12.0,19.9311,73.5222,655,0.82,0,3,68,12.4
2273,183845,Rohile,Trimbak,Nashik,Trimbakeshwar AWS,2026-03-09,2026-03-09,12.0,20.0527,73.5533,610,13.86,0,3,68,12.4
2274,183846,Samundi,Trimbak,Nashik,Trimbakeshwar AWS,2026-03-09,2026-03-09,12.0,19.8788,73.5025,648,6.38,0,3,68,12.4
2275,183847,Sapatpali,Trimbak,Nashik,Trimbakeshwar AWS,2026-03-09,2026-03-09,12.0,19.9122,73.5122,655,2.72,0,3,68,12.4
2276,183848,Sapgaon,Trimbak,Nashik,Trimbakeshwar AWS,2026-02-09,2026-02-09,20.0,19.9411,73.5511,625,2.53,0,2,40,25.0
2277,183849,Sapte,Trimbak,Nashik,Trimbakeshwar AWS,2026-02-09,2026-02-09,20.0,19.9111,73.5822,605,5.85,0,2,40,25.0
2278,183850,Saraste,Trimbak,Nashik,Harsul AWS,2026-02-09,2026-02-09,20.0,20.123,73.5022,612,5.46,0,2,40,25.0
2279,183851,Shirasgaon (H),Trimbak,Nashik,Trimbakeshwar AWS,2026-02-09,2026-02-09,20.0,19.9511,73.4811,635,5.62,0,2,40,25.0
2280,183852,Shirasgaon (T),Trimbak,Nashik,Trimbakeshwar AWS,2026-02-09,2026-02-09,20.0,19.9511,73.4811,635,5.62,0,2,40,25.0
2281,183853,Shivajinagar,Trimbak,Nashik,Trimbakeshwar AWS,2026-02-09,2026-02-09,20.0,20.0111,73.4511,622,12.22,0,2,40,25.0
2282,183854,Somnathnagar,Trimbak,Nashik,Trimbakeshwar AWS,2026-02-09,2026-02-09,20.0,19.9211,73.4111,618,12.47,0,2,40,25.0
2283,183855,Takedeogaon,Trimbak,Nashik,Trimbakeshwar AWS,2026-02-09,2026-02-09,20.0,20.0311,73.4511,628,13.94,0,2,40,25.0
2284,183857,Takeharsh,Trimbak,Nashik,Trimbakeshwar AWS,2026-02-09,2026-02-09,20.0,20.0211,73.4211,642,15.24,0,2,40,25.0
2285,183856,Talegaon (T),Trimbak,Nashik,Nashik AWS,2026-02-09,2026-02-09,20.0,19.9477,73.647,585,14.67,0,2,40,18.0
2286,183858,Talwade (T),Trimbak,Nashik,Trimbakeshwar AWS,2026-02-09,2026-02-09,20.0,19.9611,73.5122,638,3.93,0,2,40,25.0
2287,183859,Thanapada,Trimbak,Nashik,Harsul AWS,2026-02-09,2026-02-09,20.0,20.1266,73.3998,612,5.29,0,2,40,25.0
2288,183860,Torangan (H),Trimbak,Nashik,Trimbakeshwar AWS,2026-02-09,2026-02-09,20.0,19.999,73.4332,618,12.7,0,2,40,25.0
2289,183861,Torangan (T),Trimbak,Nashik,Trimbakeshwar AWS,2026-02-09,2026-02-09,20.0,19.999,73.4332,618,12.7,0,2,40,25.0
2290,183862,Vadholi,Trimbak,Nashik,Trimbakeshwar AWS,2026-02-09,2026-02-09,20.0,19.9377,73.61,602,8.41,0,2,40,25.0
2291,183863,Vaghera,Trimbak,Nashik,Trimbakeshwar AWS,2026-02-09,2026-02-09,20.0,20.0327,73.4791,655,12.6,0,2,40,25.0
2292,183864,Varasvihar,Trimbak,Nashik,Trimbakeshwar AWS,2026-02-09,2026-02-09,20.0,19.9511,73.5111,635,3.07,0,2,40,25.0
2293,183865,Vaviharsh,Trimbak,Nashik,Trimbakeshwar AWS,2026-02-09,2026-02-09,20.0,19.9811,73.4211,612,12.72,0,2,40,25.0
2294,183867,Vaygholpada,Trimbak,Nashik,Trimbakeshwar AWS,2026-02-09,2026-02-09,20.0,19.9611,73.4211,612,11.9,0,2,40,25.0
2295,183866,Vele,Trimbak,Nashik,Harsul AWS,2026-02-09,2026-02-09,20.0,20.0954,73.5481,595,10.6,0,2,40,25.0
2296,183868,Velunje,Trimbak,Nashik,Trimbakeshwar AWS,2026-02-09,2026-02-09,20.0,19.9122,73.5511,645,2.96,0,2,40,25.0
2297,238131,Vijaynagar,Trimbak,Nashik,Trimbakeshwar AWS,2026-02-09,2026-02-09,20.0,19.9311,73.4511,635,8.25,0,2,40,25.0
2298,183869,Zarwad Bk,Trimbak,Nashik,Trimbakeshwar AWS,2026-02-09,2026-02-09,20.0,19.9811,73.4211,612,12.72,0,2,40,25.0
2299,183870,Zarwad Khd,Trimbak,Nashik,Trimbakeshwar AWS,2026-02-09,2026-02-09,20.0,19.9722,73.4111,612,13.28,0,2,40,25.0
2300,183871,Adgaon Chothava,Yeola,Nashik,Yeola AWS,2026-02-09,2026-02-09,5.0,20.1511,74.4511,530,13.0,0,2,40,6.5
2301,183872,Adgaon Repal,Yeola,Nashik,Yeola AWS,2026-05-09,2026-05-09,15.0,20.1411,74.4811,535,11.1,0,5,129,18.2
2302,183873,Adsuregaon,Yeola,Nashik,Yeola AWS,2026-05-09,2026-05-09,15.0,20.1111,74.4522,538,8.64,0,5,129,18.2
2303,183874,Agangaon,Yeola,Nashik,Yeola AWS,2026-05-09,2026-05-09,15.0,20.1311,74.4611,530,10.37,0,5,129,18.2
2304,183874,Aherwadi,Yeola,Nashik,Yeola AWS,2026-05-09,2026-05-09,15.0,20.0911,74.4822,532,5.55,0,5,129,18.2
2305,183875,Ambegaon,Yeola,Nashik,Yeola AWS,2026-05-09,2026-05-09,15.0,20.1522,74.4911,525,12.3,0,5,129,18.2
2306,183876,Andersul,Yeola,Nashik,Yeola AWS,2026-05-09,2026-05-09,15.0,20.2111,74.5211,540,19.14,0,5,129,18.2
2307,183878,Angulgaon,Yeola,Nashik,Yeola AWS,2026-05-09,2026-05-09,15.0,20.0811,74.4522,542,5.84,0,5,129,18.2
2308,183879,Ankai,Yeola,Nashik,Yeola AWS,2026-05-09,2026-05-09,15.0,20.1836,74.4547,605,16.19,0,5,129,18.2
2309,183880,Ankute,Yeola,Nashik,Yeola AWS,2026-05-09,2026-05-09,15.0,20.1211,74.5122,530,9.16,0,5,129,18.2
2310,183881,Babhulgaon Kh,Yeola,Nashik,Yeola AWS,2026-05-09,2026-05-09,15.0,20.0511,74.4111,545,8.22,0,5,129,18.2
2311,183882,Balapur,Yeola,Nashik,Yeola AWS,2026-05-09,2026-05-09,15.0,20.1311,74.5511,528,11.87,0,5,129,18.2
2312,183883,Balhegaon,Yeola,Nashik,Yeola AWS,2026-05-09,2026-05-09,15.0,20.1378,74.8993,490,44.15,0,5,129,18.2
2313,183884,Bharam,Yeola,Nashik,Yeola AWS,2026-05-09,2026-05-09,15.0,20.0577,74.6773,495,19.74,0,5,129,18.2
2314,183885,Bhatgaon,Yeola,Nashik,Yeola AWS,2026-05-09,2026-05-09,15.0,20.1211,74.5511,530,10.96,0,5,129,18.2
2315,183886,Bhulegaon,Yeola,Nashik,Yeola AWS,2026-05-09,2026-05-09,15.0,20.1511,74.6111,520,17.62,0,5,129,18.2
2316,183887,Bokte,Yeola,Nashik,Yeola AWS,2026-05-09,2026-05-09,15.0,20.0111,74.4211,548,7.87,0,5,129,18.2
2317,183888,Chandgaon,Yeola,Nashik,Yeola AWS,2026-05-09,2026-05-09,15.0,19.956,74.7037,505,24.36,0,5,129,18.2
2318,183890,Chinchodi Bk.,Yeola,Nashik,Yeola AWS,2026-05-09,2026-05-09,15.0,20.1011,74.4511,535,7.72,0,5,129,18.2
2319,183889,Chinchodi Ku,Yeola,Nashik,Yeola AWS,2026-05-09,2026-05-09,15.0,20.0911,74.4511,535,6.79,0,5,129,18.2
2320,183891,Deolane,Yeola,Nashik,Yeola AWS,2026-05-09,2026-05-09,15.0,20.1511,74.4522,530,12.77,0,5,129,18.2
2321,183892,Deothan,Yeola,Nashik,Yeola AWS,2026-05-09,2026-05-09,15.0,20.1211,74.4911,535,8.84,0,5,129,18.2
2322,183893,Deshmane Bk,Yeola,Nashik,Yeola AWS,2026-05-09,2026-05-09,15.0,20.0578,74.3041,560,19.41,0,5,129,18.2
2323,259714,Devargaon,Yeola,Nashik,Yeola AWS,2026-05-09,2026-05-09,15.0,20.1111,74.4111,540,11.23,0,5,129,18.2
2324,183894,Dhamangaon,Yeola,Nashik,Yeola AWS,2026-05-09,2026-05-09,15.0,20.1811,74.5822,525,18.31,0,5,129,18.2
2325,183895,Dhamode,Yeola,Nashik,Yeola AWS,2026-05-09,2026-05-09,15.0,20.0311,74.4811,545,1.44,0,5,129,18.2
2326,183896,Dhulgaon,Yeola,Nashik,Yeola AWS,2026-04-09,2026-04-09,10.0,20.1211,74.6111,515,15.51,0,4,99,12.4
2327,183897,Dongargaon,Yeola,Nashik,Yeola AWS,2026-04-09,2026-04-09,10.0,20.1111,74.5522,528,10.16,0,4,99,12.4
2328,183898,Dugalgaon,Yeola,Nashik,Yeola AWS,2026-04-09,2026-04-09,10.0,20.1411,74.6211,510,17.68,0,4,99,12.4
2329,183899,Erandgaon Bk.,Yeola,Nashik,Yeola AWS,2026-04-09,2026-04-09,10.0,20.1211,74.4211,542,11.34,0,4,99,12.4
2330,183900,Erandgaon Kh,Yeola,Nashik,Yeola AWS,2026-04-09,2026-04-09,10.0,20.1111,74.4211,545,10.5,0,4,99,12.4
2331,183901,Ganeshpur,Yeola,Nashik,Yeola AWS,2026-04-09,2026-04-09,10.0,20.1511,74.5822,520,15.58,0,4,99,12.4
2332,183902,Garkhede,Yeola,Nashik,Yeola AWS,2026-04-09,2026-04-09,10.0,20.1311,74.6522,505,19.73,0,4,99,12.4
2333,183903,Gavandgaon,Yeola,Nashik,Yeola AWS,2026-04-09,2026-04-09,10.0,20.0511,74.4111,555,8.22,0,4,99,12.4
2334,183904,Gujarkhede,Yeola,Nashik,Yeola AWS,2026-04-09,2026-04-09,10.0,20.1111,74.6522,510,18.7,0,4,99,12.4
2335,183905,Jalgaon Neur,Yeola,Nashik,Yeola AWS,2026-04-09,2026-04-09,10.0,20.1811,74.6111,518,20.07,0,4,99,12.4
2336,183906,Jaualke,Yeola,Nashik,Yeola AWS,2026-04-09,2026-04-09,10.0,20.0811,74.5522,530,7.92,0,4,99,12.4
2337,183907,Kanadi,Yeola,Nashik,Yeola AWS,2026-04-09,2026-04-09,10.0,20.1211,74.6822,498,22.02,0,4,99,12.4
2338,183908,Katarni,Yeola,Nashik,Yeola AWS,2026-04-09,2026-04-09,10.0,20.1111,74.5522,528,10.16,0,4,99,12.4
2339,183909,Khairgavhan,Yeola,Nashik,Yeola AWS,2026-04-09,2026-04-09,10.0,20.1511,74.4522,535,12.77,0,4,99,12.4
2340,183910,Khamgaon,Yeola,Nashik,Yeola AWS,2026-04-09,2026-04-09,10.0,20.1311,74.4111,545,12.86,0,4,99,12.4
2341,183911,Kharwandi,Yeola,Nashik,Yeola AWS,2026-04-09,2026-04-09,10.0,20.1211,74.4111,542,12.02,0,4,99,12.4
2342,183912,Khirdisathe,Yeola,Nashik,Yeola AWS,2026-04-09,2026-04-09,10.0,20.1111,74.4522,535,8.64,0,4,99,12.4
2343,183913,Kolam Bk,Yeola,Nashik,Yeola AWS,2026-04-09,2026-04-09,10.0,20.1011,74.5522,532,9.34,0,4,99,12.4
2344,183914,Kolgaon,Yeola,Nashik,Yeola AWS,2026-04-09,2026-04-09,10.0,20.1411,74.4211,545,13.15,0,4,99,12.4
2345,183915,Kotamgaon Bk,Yeola,Nashik,Yeola AWS,2026-04-09,2026-04-09,10.0,20.1311,74.4211,542,12.23,0,4,99,12.4
2346,183916,Kotomgaon Kh,Yeola,Nashik,Yeola AWS,2026-04-09,2026-04-09,10.0,20.1211,74.4211,540,11.34,0,4,99,12.4
2347,183917,Kusmadi,Yeola,Nashik,Yeola AWS,2026-04-09,2026-04-09,10.0,20.1423,74.5049,535,11.32,0,4,99,12.4
2348,183918,Kusur,Yeola,Nashik,Yeola AWS,2026-04-09,2026-04-09,10.0,20.1515,74.4809,532,12.25,0,4,99,12.4
2349,300409,Lauki Shiras,Yeola,Nashik,Yeola AWS,2026-04-09,2026-04-09,10.0,20.0511,74.4111,545,8.22,0,4,99,12.4
2350,183919,Mahalkheda (Patoda),Yeola,Nashik,Yeola AWS,2026-04-09,2026-04-09,10.0,20.1111,74.3643,558,15.15,0,4,99,12.4
2351,183920,Mamdapur,Yeola,Nashik,Yeola AWS,2026-03-09,2026-03-09,5.0,20.1369,74.6557,505,20.37,0,3,68,4.8
2352,183921,Manori Bk.,Yeola,Nashik,Yeola AWS,2026-03-09,2026-03-09,5.0,20.1811,74.6111,518,20.07,0,3,68,4.8
2353,183922,Matulthan,Yeola,Nashik,Yeola AWS,2026-03-09,2026-03-09,5.0,20.1211,74.6822,498,22.02,0,3,68,4.8
2354,183923,Mukhed,Yeola,Nashik,Yeola AWS,2026-03-09,2026-03-09,5.0,20.0091,74.3224,562,17.79,0,3,68,4.8
2355,183924,Murmi,Yeola,Nashik,Yeola AWS,2026-03-09,2026-03-09,5.0,20.1111,74.5522,528,10.16,0,3,68,4.8
2356,183925,Nagarsul,Yeola,Nashik,Yeola AWS,2026-03-09,2026-03-09,5.0,20.1004,74.5496,528,9.09,0,3,68,4.8
2357,183926,Nagde,Yeola,Nashik,Yeola AWS,2026-03-09,2026-03-09,5.0,20.1511,74.6822,498,23.56,0,3,68,4.8
2358,183929,Naigavhan,Yeola,Nashik,Yeola AWS,2026-03-09,2026-03-09,5.0,20.1111,74.6522,505,18.7,0,3,68,4.8
2359,183927,Nandesar,Yeola,Nashik,Yeola AWS,2026-03-09,2026-03-09,5.0,20.1211,74.6822,498,22.02,0,3,68,4.8
2360,183928,Nandur,Yeola,Nashik,Yeola AWS,2026-03-09,2026-03-09,5.0,20.1111,74.4211,542,10.5,0,3,68,4.8
2361,183930,Nevurgaon,Yeola,Nashik,Yeola AWS,2026-03-09,2026-03-09,5.0,20.1811,74.6522,508,23.04,0,3,68,4.8
2362,183931,Nilkhede,Yeola,Nashik,Yeola AWS,2026-03-09,2026-03-09,5.0,20.1211,74.6822,498,22.02,0,3,68,4.8
2363,183932,Nimgaon Madh,Yeola,Nashik,Yeola AWS,2026-03-09,2026-03-09,5.0,19.9905,74.4238,560,8.88,0,3,68,4.8
2364,183933,Panhalsathe,Yeola,Nashik,Yeola AWS,2026-03-09,2026-03-09,5.0,20.1511,74.4522,530,12.77,0,3,68,4.8
2365,183934,Panzarwadi,Yeola,Nashik,Yeola AWS,2026-03-09,2026-03-09,5.0,20.1211,74.4111,542,12.02,0,3,68,4.8
2366,183935,Paregaon,Yeola,Nashik,Yeola AWS,2026-03-09,2026-03-09,5.0,20.1111,74.4211,542,10.5,0,3,68,4.8
2367,183936,Patoda,Yeola,Nashik,Yeola AWS,2026-03-09,2026-03-09,5.0,20.1187,74.3643,558,15.6,0,3,68,4.8
2368,183937,Pimpalgaon Jalal,Yeola,Nashik,Yeola AWS,2026-03-09,2026-03-09,5.0,20.1811,74.6111,515,20.07,0,3,68,4.8
2369,183938,Pimpalgaon Lep,Yeola,Nashik,Yeola AWS,2026-03-09,2026-03-09,5.0,20.1211,74.6822,498,22.02,0,3,68,4.8
2370,183939,Pimpalkhute Bk.,Yeola,Nashik,Yeola AWS,2026-03-09,2026-03-09,5.0,20.1511,74.4522,535,12.77,0,3,68,4.8
2371,183940,Pimpri,Yeola,Nashik,Yeola AWS,2026-03-09,2026-03-09,5.0,20.1011,74.4011,548,11.32,0,3,68,4.8
2372,183941,Purangaon,Yeola,Nashik,Yeola AWS,2026-03-09,2026-03-09,5.0,20.1211,74.4111,542,12.02,0,3,68,4.8
2373,183942,Rahadi,Yeola,Nashik,Yeola AWS,2026-03-09,2026-03-09,5.0,20.0964,74.7212,485,25.0,0,3,68,4.8
2374,183943,Rajapur,Yeola,Nashik,Yeola AWS,2026-03-09,2026-03-09,5.0,20.1211,74.5522,528,11.03,0,3,68,4.8
2375,183944,Rendale,Yeola,Nashik,Yeola AWS,2026-03-09,2026-03-09,5.0,20.1111,74.5522,530,10.16,0,3,68,4.8
2376,183945,Satali,Yeola,Nashik,Yeola AWS,2026-02-09,2026-02-09,2.0,20.1511,74.4522,535,12.77,0,2,40,1.5
2377,183946,Satare,Yeola,Nashik,Yeola AWS,2026-02-09,2026-02-09,2.0,20.1211,74.4111,542,12.02,0,2,40,1.5
2378,183947,Satyagaon,Yeola,Nashik,Yeola AWS,2026-02-09,2026-02-09,2.0,20.1111,74.6522,505,18.7,0,2,40,1.5
2379,183948,Savargaon,Yeola,Nashik,Yeola AWS,2026-02-09,2026-02-09,2.0,20.1111,74.4522,540,8.64,0,2,40,1.5
2380,183949,Saygaon,Yeola,Nashik,Yeola AWS,2026-02-09,2026-02-09,2.0,20.1211,74.6211,512,16.38,0,2,40,1.5
2381,183950,Shirasgaon (Lauki),Yeola,Nashik,Yeola AWS,2026-02-09,2026-02-09,2.0,20.1511,74.4522,535,12.77,0,2,40,1.5
2382,183951,Somthandesh,Yeola,Nashik,Yeola AWS,2026-02-09,2026-02-09,2.0,20.1111,74.6522,505,18.7,0,2,40,1.5
2383,183952,Suregaon Rasta,Yeola,Nashik,Yeola AWS,2026-02-09,2026-02-09,2.0,20.0511,74.4111,552,8.22,0,2,40,1.5
2384,183953,Talwade,Yeola,Nashik,Yeola AWS,2026-02-09,2026-02-09,2.0,20.1211,74.5522,528,11.03,0,2,40,1.5
2385,183954,Thangaon,Yeola,Nashik,Yeola AWS,2026-02-09,2026-02-09,2.0,20.1111,74.6111,512,14.9,0,2,40,1.5
2386,183955,Undirwadi,Yeola,Nashik,Yeola AWS,2026-02-09,2026-02-09,2.0,20.1211,74.4111,542,12.02,0,2,40,1.5
2387,183956,Vaghale,Yeola,Nashik,Yeola AWS,2026-02-09,2026-02-09,2.0,20.1111,74.6522,508,18.7,0,2,40,1.5
2388,183957,Vikharni,Yeola,Nashik,Yeola AWS,2026-02-09,2026-02-09,2.0,20.1511,74.4522,532,12.77,0,2,40,1.5
